,,,T_DMSO_1,T_DMSO_2,T_DMSO_3,T_DMSO_4,T_DMSO_5,T_DMSO_6,T_BML_1,T_BML_2,T_BML_3,T_BML_4,T_BML_5,T603_BML_6
Compound Info,,,DMSO,DMSO,DMSO,DMSO,DMSO,DMSO,BML,BML,BML,BML,BML,BML
Acetylenedicarboxylate__Cn,Acetylenedicarboxylate_,Acetylenedicarboxylate___m113.993_r1.07Cn,0.227056903,0.394680265,0.324790633,0.336717137,0.333054685,0.341505162,0.323788285,0.90346451,0.406163411,0.330765207,0.453837112,0.416043921
Keto valeric acid__Cn,Keto valeric acid_,Keto valeric acid___m116.047_r1.55Cn,0.090009233,0.11968577,0.063185308,0.094587954,0.076797295,0.124359456,0.086422621,0.124787092,0.100117003,0.067740393,0.093285031,0.106109946
Hexanoic acid__Cp,Hexanoic acid_,Hexanoic acid__m116.084_r1.72Cp,0.002039557,0.001253533,0.003197502,0.001891222,0.00180006,0.001891815,0.002221953,0.006551092,0.003338018,0.001272943,0.001905432,0.0024385
Hydroxypentanoate__Cn,Hydroxypentanoate_,Hydroxypentanoate___m118.063_r1.54Cn,0.013222067,0.015697439,0.013792012,0.017775337,0.027419573,0.017647051,0.019390548,0.030854568,0.028357726,0.012367467,0.022958444,0.022807377
Methyl-2-oxopentanoic acid__Cn,Methyl-2-oxopentanoic acid,Methyl-2-oxopentanoic acid_m130.063_r1.72Cn,0.019335616,0.017545019,0.024445102,0.02098103,0.028921763,0.023581691,0.025376048,0.045993367,0.030355374,0.016078853,0.028364365,0.031897101
Creatine__Cp,Creatine_,Creatine__m131.069_r1.23Cp,0.001180368,0.001693276,0.003513536,0.006108088,0.000890946,0.001325644,0.001024352,0.004043455,0.000850688,0.001183499,0.000901931,0.000590138
Isoleucine__Cp,Isoleucine_,Isoleucine__m131.094_r1.42Cp,0.028281219,0.028791882,0.030923977,0.04154501,0.034184005,0.029988213,0.030680696,0.067334061,0.034026078,0.028490907,0.043907513,0.041429784
Leucine__Cp,Leucine,Leucine_m131.094_r1.15Cp,0.016262757,0.011182071,0.022763998,0.018987732,0.021257058,0.015851206,0.016632388,0.020788812,0.027703271,0.013763399,0.019800555,0.024050329
Hydroxyhexanoic acid__Cp,Hydroxyhexanoic acid_,Hydroxyhexanoic acid__m132.078_r1.5Cp,0.002729907,0.000719308,0.007862295,0.004949998,0.001201471,0.001334684,0.001409889,0.011392213,0.00238842,0.000874603,0.001456631,0.002004536
Erythronic acid__Cn,Erythronic acid,Erythronic acid_m136.036_r1.33Cn,0.048959354,0.055275029,0.066503573,0.095414828,0.02910708,0.032660856,0.050066176,0.091835748,0.032008107,0.024847776,0.039672851,0.034502733
Erythronic acid__Cp,Erythronic acid,Erythronic acid_m136.038_r1.23Cp,0.013471305,0.005291162,0.005256166,0.009659076,0.008461646,0.006960563,0.016458,0.009128159,0.014152453,0.006628075,0.011078968,0.011374534
Hypoxanthine__Cp,Hypoxanthine_,Hypoxanthine__m136.039_r1.23Cp,0.013482197,0.005291162,0.005269396,0.009677664,0.008461646,0.006960563,0.016458,0.009128159,0.014159,0.006635212,0.011088098,0.011381729
Tyramine__Cp,Tyramine,Tyramine_m137.084_r1.38Cp,0.00154009,0.000172885,0.003085938,0.001325995,0.000648717,0.000713133,0.000522955,0.003470477,0.001094962,0.00030981,0.000474468,0.001116501
Hydroxypicolinate__Cn,Hydroxypicolinate,Hydroxypicolinate_m139.027_r3.12Cn,0.428682517,0.099071777,1.721088133,1.360103542,0.074956058,0.136207515,0.070759509,2.163825133,0.108725105,0.058915657,0.089014515,0.134259053
Hydroxy-3-methyl-2-oxo-pentanoic acid__Cn,Hydroxy-3-methyl-2-oxo-pentanoic acid_,Hydroxy-3-methyl-2-oxo-pentanoic acid___m146.058_r1.67Cn,0.031490047,0.014518719,0.076864648,0.064209539,0.01615652,0.019869436,0.015623247,0.096819242,0.020991093,0.011035271,0.020519945,0.018233453
L-threo-3-Methylmalate__Cn,L-threo-3-Methylmalate_,L-threo-3-Methylmalate___m148.037_r1.27Cn,0.007880079,0.018181969,0.02454198,0.041985392,0.003177073,0.004266738,0.00468256,0.068264794,0.003313807,0.003916216,0.005496595,0.003473399
Mevalonic acid__Cn,Mevalonic acid,Mevalonic acid_m148.073_r1.71Cn,0.019661219,0.01770238,0.0272713,0.021249981,0.029023692,0.02385017,0.026177741,0.045394402,0.029639764,0.016096051,0.029022245,0.032102941
Dihydro-3-hydroxy-3-1-hydroxyethyl-4-methylfuranone__Cn,Dihydro-3-hydroxy-3-1-hydroxyethyl-4-methylfuranone_,Dihydro-3-hydroxy-3-1-hydroxyethyl-4-methylfuranone___m160.073_r2.25Cn,0.022373555,0.014797065,0.042020764,0.046173678,0.008652776,0.015382997,0.016803396,0.093755939,0.017779652,0.010191117,0.085548138,0.018168034
L-Carnitine__Cp,L-Carnitine,L-Carnitine_m161.105_r1.96Cp,0.015712524,0.014572427,0.022114029,0.017164453,0.037890582,0.028502383,0.018755427,0.034851534,0.054893967,0.025330906,0.015928693,0.030111226
Hydroxyadipic acid__Cn,Hydroxyadipic acid_,Hydroxyadipic acid___m162.052_r1.18Cn,0.001726146,0.002659995,0.004177282,0.006745439,0.001881775,0.001211101,0.00150232,0.008156918,0.00158461,0.001497828,0.00409473,0.002149971
Phenylalanine__Cn,Phenylalanine,Phenylalanine_m165.079_r1.48Cn,0.016442121,0.02503235,0.023614951,0.024336226,0.024818014,0.02528242,0.019316126,0.038155151,0.030423539,0.024369009,0.033367508,0.03301853
D-4-Hydroxyphenylglycine__Cn,D-4-Hydroxyphenylglycine_,D-4-Hydroxyphenylglycine___m167.058_r3.79Cn,0.004267732,0.001743343,0.015886781,0.01115558,0.001541633,0.002293689,0.001204481,0.016799557,0.001708459,0.001178148,0.002394978,0.002928373
Norepinephrine__Cp,Norepinephrine,Norepinephrine_m169.074_r1.38Cp,0.002206691,0.003820637,0.004126153,0.001928402,0.006521204,0.005294024,0.003491847,0.00534601,0.00967514,0.005208882,0.008585518,0.00873132
Glyceraldehyde 3-P__DHAP iso__Cn,Glyceraldehyde 3-P_DHAP iso,Glyceraldehyde 3-P__DHAP iso_m169.997_r2.83Cn,0.014004948,0.017782448,0.026751576,0.020369545,0.019237696,0.01989669,0.016052663,0.041804071,0.026492201,0.016998341,0.020891286,0.021364065
Hydroperoxynonenal_ __Cn,Hydroperoxynonenal_ ,Hydroperoxynonenal_ _m172.11_r3.4Cn,0.006223507,0.00939573,0.007570453,0.013890435,0.01542158,0.009141089,0.012650289,0.018362123,0.015975687,0.007773874,0.016462635,0.017145886
L-Arginine__Cp,L-Arginine,L-Arginine_m174.112_r1.04Cp,0.00150665,0.002823331,0.000670719,0.002617641,0.001419514,0.001372651,0.002614419,0.005545986,0.000623014,0.00153507,0.00149343,0.001436912
Hydroxynonanoic acid__Cn,Hydroxynonanoic acid_,Hydroxynonanoic acid___m174.125_r3.58Cn,0.007807856,0.005705792,0.008414466,0.011897484,0.014274565,0.012496417,0.016881122,0.013937004,0.012704589,0.007668215,0.016333181,0.014090822
R-adrenaline__Cn,R-adrenaline,R-adrenaline_m183.09_r1.48Cn,0.016730307,0.025217425,0.023798572,0.024478861,0.024715635,0.025168421,0.019442921,0.03842657,0.030420833,0.024262221,0.033205015,0.03278335
Hendecenoic acid__Cn,Hendecenoic acid,Hendecenoic acid_m184.146_r4.46Cn,0.002824044,0.003013576,0.003568812,0.004098843,0.002023076,0.003119737,0.004426765,0.007742867,0.003133996,0.001204722,0.007656377,0.003264414
Hydroxydecenoic acid__Cn,Hydroxydecenoic acid_,Hydroxydecenoic acid__m186.125_r4Cn,0.004060606,0.005048631,0.007920437,0.006321726,0.00607737,0.005811855,0.006041258,0.008295076,0.009461827,0.004964266,0.006217795,0.007454879
Methyl N-a-methylbutyrylglycine__Cn,Methyl N-a-methylbutyrylglycine_,Methyl N-a-methylbutyrylglycine___m188.104_r2.73Cn,0.0596296,0.011967752,0.164740488,0.250166533,0.010525744,0.034319474,0.012082164,0.23200737,0.019075645,0.009046363,0.028838123,0.018533837
Hydroxycaprate__Cn,Hydroxycaprate_,Hydroxycaprate___m188.141_r4.09Cn,0.018991853,0.020841754,0.028779702,0.029884917,0.041178855,0.032222948,0.031046691,0.03975042,0.038600196,0.022071884,0.036691273,0.04927305
Hydroxyindole acetate__Cn,Hydroxyindole acetate,Hydroxyindole acetate_m191.058_r4.73Cn,0.002639846,0.004130195,0.005646252,0.004244957,0.005269553,0.005478004,0.004290448,0.005928555,0.01186144,0.004918084,0.004878793,0.007303019
Dodecadienoic acid__Cn,Dodecadienoic acid,Dodecadienoic acid_m196.146_r4.08Cn,0.003189011,0.002991111,0.005703196,0.005392956,0.006516509,0.00621885,0.005136505,0.006841981,0.007848842,0.003605458,0.007246819,0.006895541
Vanillyl mandelate__Cp,Vanillyl mandelate,Vanillyl mandelate_m197.045_r1.42Cp,0.007278277,0.016854674,0.017420268,0.006371965,0.017491077,0.026404358,0.021754714,0.016621184,0.057336494,0.025110561,0.006923897,0.036121436
Decenedioic acid__Cn,Decenedioic acid,Decenedioic acid_m200.105_r2.56Cn,0.023238015,0.011818969,0.033222615,0.025907697,0.019376976,0.017485032,0.032336958,0.041120144,0.023522895,0.012944146,0.024511408,0.027641311
Sebacic acid__Cn,Sebacic acid_,Sebacic acid___m202.12_r4.64Cn,0.002818906,0.002279418,0.008733086,0.010336067,0.004519646,0.002689081,0.003200462,0.010502938,0.004009767,0.002090342,0.003687953,0.0036525
Tridecadienoic acid__Cn,Tridecadienoic acid_,Tridecadienoic acid___m210.161_r4.76Cn,0.006062285,0.007508044,0.006247083,0.004509006,0.005870879,0.0066369,0.008665178,0.012407805,0.007818203,0.004530294,0.013445166,0.007917826
Tridecadienoic acid i__Cn,Tridecadienoic acid i,Tridecadienoic acid i_m210.162_r4.05Cn,0.045958858,0.024330309,0.033962197,0.032850945,0.052957454,0.031050698,0.101844754,0.032577575,0.053557541,0.028317351,0.04754489,0.065403714
Hydroxydodecadienoic acid__Cn,Hydroxydodecadienoic acid_,Hydroxydodecadienoic acid____m212.141_r4.56Cn,0.03442533,0.033693566,0.049014289,0.044648132,0.063781974,0.044099673,0.055266106,0.062046639,0.060270601,0.035893064,0.05811977,0.06990737
Oxododecanoate__Cn,Oxododecanoate,Oxododecanoate_m214.156_r4.58Cn,0.033271149,0.03142581,0.05444792,0.050842289,0.073116493,0.049809646,0.054237659,0.067639206,0.067875206,0.044323377,0.052215773,0.075512121
Oxododecanoate__Cp,Oxododecanoate,Oxododecanoate_m214.156_r3.15Cp,0.003619386,0.001393934,0.003108172,0.001230421,0.003156168,0.002022178,0.004774878,0.003494187,0.003087006,0.001902887,0.002466948,0.003839328
Oxododecanoate iso__Cp,Oxododecanoate i,Oxododecanoate i_m214.156_r3.81Cp,0.001636384,0.000541202,0.001692278,0.001554478,0.001814453,0.001085121,0.002111155,0.002113246,0.001196352,0.000931015,0.001613642,0.002089678
Methyl-D-erythritol 4-P__Cn,Methyl-D-erythritol 4-P,Methyl-D-erythritol 4-P_m216.039_r1.2Cn,0.009163342,0.047158121,0.013500265,0.028948774,0.013374666,0.011186542,0.016574453,0.06016096,0.010390459,0.022478678,0.020359901,0.015053909
Undecanedioic acid__Cn,Undecanedioic acid_,Undecanedioic acid___m216.136_r4.1Cn,0.015865414,0.018213505,0.034702268,0.029216521,0.036118068,0.024647218,0.017014274,0.039127498,0.036384924,0.021969679,0.031727934,0.044305548
Hydroxylauric acid__Cn,Hydroxylauric acid,Hydroxylauric acid_m216.172_r6.04Cn,0.008630199,0.011642958,0.011692224,0.014079646,0.007804207,0.007311458,0.00945724,0.017332541,0.011127577,0.00579216,0.009424475,0.009510766
Hydroxydodecanoate__Cn,Hydroxydodecanoate,Hydroxydodecanoate_m216.172_r5.54Cn,0.026278088,0.026814459,0.037965977,0.038945347,0.019448978,0.026438279,0.031891672,0.048681152,0.043429618,0.018664527,0.040421174,0.03545471
Dodecenynyl acetate__Cn,Dodecenynyl acetate_,Dodecenynyl acetate___m222.162_r6.69Cn,0.056412394,0.124841954,0.112914016,0.070403524,0.120261979,0.121133409,0.121385205,0.132186622,0.162288014,0.059151983,0.103567196,0.110851139
Myristoleic acid__Cp,Myristoleic acid,Myristoleic acid_m226.192_r4.47Cp,0.004215527,0.002581412,0.004167666,0.004633067,0.011267007,0.005802001,0.005589459,0.008493553,0.010357436,0.005641054,0.003511149,0.006359013
Dodecenedioic acid__Cn,Dodecenedioic acid_,Dodecenedioic acid___m228.136_r4.21Cn,0.013938162,0.018391026,0.020957042,0.018330148,0.022805223,0.019016109,0.023358329,0.032407263,0.022734992,0.015195012,0.023161612,0.025714193
Dodecanedioate__Cn,Dodecanedioate,Dodecanedioate_m230.151_r3.75Cn,0.042776639,0.033939104,0.059276848,0.048236308,0.064638429,0.043597717,0.078771308,0.054889736,0.057463083,0.037438096,0.057298132,0.077053437
Dodecanedioate__Cp,Dodecanedioate,Dodecanedioate_m230.151_r2.26Cp,0.00511853,0.001600738,0.007313638,0.005914942,0.002766013,0.00178581,0.0053341,0.013088388,0.002822555,0.0019096,0.002942287,0.003933677
Hydroxy-tridecanoic acid__Cn,Hydroxy-tridecanoic acid,Hydroxy-tridecanoic acid_m230.188_r6.16Cn,0.032477041,0.021697111,0.045493493,0.042503676,0.041326364,0.02878924,0.048892639,0.055829466,0.035214244,0.02328418,0.035729677,0.046142123
Cystathionine sulfoxide__Cn,Cystathionine sulfoxide_,Cystathionine sulfoxide___m238.061_r3.26Cn,0.00126079,0.001352264,0.001482068,0.002054965,0.003216398,0.002000639,0.002013395,0.002402056,0.002892269,0.001937592,0.002664063,0.003315432
Carboxy-4-methyl-5-propyl-2-furanpropanoic acid__Cn,Carboxy-4-methyl-5-propyl-2-furanpropanoic acid_,Carboxy-4-methyl-5-propyl-2-furanpropanoic acid___m240.099_r3.01Cn,0.013411448,0.172873171,0.021162419,0.00745583,0.016051757,0.040197493,0.057248651,0.040364052,0.11946716,0.035618635,0.382895859,0.208450209
Oxo-Tetradecenoic acid__Cn,Oxo-Tetradecenoic acid_,Oxo-Tetradecenoic acid___m240.172_r6.04Cn,0.016083923,0.026429232,0.036229688,0.033055775,0.03898231,0.027490345,0.03127202,0.03709767,0.045695597,0.024310135,0.041358397,0.042678954
Hydroxytetradecenoic acid__Cn,Hydroxytetradecenoic acid_,Hydroxytetradecenoic acid___m242.187_r6.65Cn,0.005143886,0.007048896,0.008697036,0.00821797,0.010986987,0.006843421,0.008364112,0.010832682,0.008273605,0.005175136,0.007434925,0.010541903
N-Undecanoylglycine__Cn,N-Undecanoylglycine_,N-Undecanoylglycine___m243.183_r3.61Cn,0.02485993,0.018318243,0.067944822,0.061672668,0.010525183,0.019831144,0.028970236,0.261872727,0.178574015,0.045332288,0.076224741,0.044626173
N-Undecanoylglycine__Cp,N-Undecanoylglycine,N-Undecanoylglycine_m243.183_r9.24Cp,0.000969719,0.003220001,0.014293382,0.002943005,0.002853803,0.001901769,0.007159024,0.015105634,0.04889944,0.014534876,0.005934043,0.007358606
Undecanedicarboxylate__Cp,Undecanedicarboxylate,Undecanedicarboxylate_m244.166_r3.98Cp,0.000750235,0.000403193,0.000356457,0.001165182,0.001288442,0.000368759,0.0007937,0.001391857,0.000973598,0.000700848,0.000844841,0.001396824
Undecanedicarboxylic acid__Cn,Undecanedicarboxylic acid,Undecanedicarboxylic acid_m244.167_r4.63Cn,0.006882813,0.007977759,0.015539648,0.013095622,0.011590094,0.010167509,0.009564332,0.015307456,0.012249948,0.008704217,0.011068601,0.01286607
Hydroxymyristic acid__Cn,Hydroxymyristic acid_,Hydroxymyristic acid___m244.204_r6.88Cn,0.008351097,0.012125447,0.016207241,0.012490317,0.01401751,0.010396469,0.008352971,0.019906395,0.015645229,0.011058879,0.013183727,0.013067195
Hydroxydodecanedioate__Cn,Hydroxydodecanedioate,Hydroxydodecanedioate_m246.146_r3.51Cn,0.000572767,0.030271337,0.052452876,0.057107198,0.072845856,0.04525699,0.098816417,0.058309441,0.063061408,0.043304068,0.06192319,0.082658894
Hydroxydodecanedioate__Cp,Hydroxydodecanedioate,Hydroxydodecanedioate iso_m246.146_r3.1Cp,0.001145095,0.000598681,0.002807361,6.52E-05,0.000568076,0.000283333,0.000485038,0.003265881,0.001165202,0.000379794,0.001010332,0.000622694
Hydroxydodecanedioate iso__Cp,Hydroxydodecanedioate iso,Hydroxydodecanedioate _m246.146_r1.9Cp,0.006480958,0.002336179,0.008762877,0.006280603,0.006082791,0.003747698,0.009836831,0.009027069,0.005453313,0.003473705,0.005323712,0.007778125
MG_10-0__Cp,MG_10-0_,MG_10-0__m246.181_r3.11Cp,0.001155241,0.001283094,0.001101353,0.000350405,0.003964341,0.000791876,0.001757336,0.002354514,0.00220386,0.001380266,0.001973438,0.00337905
QH2__Cn,QH2,QH2_m252.135_r4.63Cn,0.019073621,0.013992349,0.016597227,0.015244372,0.025423958,0.014210457,0.02841511,0.02272145,0.02238578,0.012300282,0.029962284,0.0275952
Hexadecenoic Acid__Cp,Hexadecenoic Acid,Hexadecenoic Acid_m254.223_r7.76Cp,0.00066255,0.000331211,0.000647184,0.00082014,0.001040319,0.000567579,0.001074502,0.000769822,0.000799826,0.000525078,0.000630266,0.000934268
Palmitoleic acid__Cp,Palmitoleic acid,Palmitoleic acid_m254.224_r8.4Cp,0.008122884,0.005286694,0.006580616,0.010684599,0.010047815,0.005349281,0.011113571,0.010854124,0.008615381,0.005035129,0.005563757,0.009658491
Palmitelaidic acid__Cp,Palmitelaidic acid,Palmitelaidic acid_m254.224_r5.8Cp,0.00128828,0.000685292,0.001240251,0.001559734,0.002235054,0.001349691,0.002076148,0.002537277,0.002140059,0.001202779,0.001189543,0.001781879
Ketopentadecanoic acid__Cn,Ketopentadecanoic acid,Ketopentadecanoic acid_m256.204_r6.65Cn,0.026613926,0.026084773,0.038139192,0.032423144,0.053593569,0.03414215,0.057265972,0.039533009,0.045231062,0.028171159,0.041309408,0.058808921
N-Lauroylglycine__Cp,N-Lauroylglycine,N-Lauroylglycine_m257.198_r1.53Cp,0.000605943,0.000513615,0.001192635,0.000740872,0.001962699,0.000788003,0.001229867,0.001679923,0.001779411,0.00090142,0.001012022,0.001621771
Hydroxypentadecanoic acid__Cn,Hydroxypentadecanoic acid,Hydroxypentadecanoic acid_m258.22_r6.88Cn,0.017180432,0.016024373,0.029677848,0.026008891,0.030671906,0.024715446,0.033277093,0.026929843,0.031760725,0.017381942,0.026959238,0.035686218
Hydroxyhexadecatetraenoic acid__Cn,Hydroxyhexadecatetraenoic acid_,Hydroxyhexadecatetraenoic acid___m264.172_r4.93Cn,0.005305008,0.009628821,0.011639019,0.00816145,0.006509229,0.00692409,0.006024624,0.009495448,0.014986292,0.007139731,0.01060893,0.008810399
Heptadecenoate__Cp,Heptadecenoate,Heptadecenoate_m268.239_r6.42Cp,0.005430195,0.002915372,0.005856121,0.006147715,0.008060247,0.004881244,0.007665112,0.009349939,0.007343983,0.004146827,0.004327576,0.006568683
Keto palmitate__Cp,Keto palmitate,Keto palmitate_m270.219_r5.85Cp,0.001103673,0.000479905,0.001113392,0.001302125,0.001180141,0.000501561,0.001187688,0.001481531,0.000789422,0.00058112,0.000780914,0.001178746
Oxopalmitic acid__Cp,Oxopalmitic acid,Oxopalmitic acid_m270.219_r6.72Cp,0.002243424,0.001169245,0.00269083,0.003045865,0.002296124,0.001138354,0.002370721,0.00390386,0.001994437,0.001375493,0.002020141,0.002763875
Oxo-hexadecanoic acid__Cn,Oxo-hexadecanoic acid_,Oxo-hexadecanoic acid___m270.22_r7.21Cn,0.060541294,0.0652212,0.068772675,0.05318229,0.105116262,0.059476908,0.106312527,0.079918746,0.096851425,0.065817956,0.10102007,0.132965244
Hydroxyhexadecanoic acid__Cn,Hydroxyhexadecanoic acid_,Hydroxyhexadecanoic acid___m272.235_r6.53Cn,0.098342984,0.103939959,0.13309889,0.122652525,0.155110326,0.085160794,0.159294864,0.146087599,0.147969054,0.101865612,0.12649298,0.172519768
Hydroxypalmitic acid__Cn,Hydroxypalmitic acid_,Hydroxypalmitic acid___m272.235_r7.34Cn,0.028531622,0.035870361,0.049286108,0.036865388,0.035263882,0.027351344,0.03838698,0.056390513,0.040778336,0.027751586,0.033409833,0.045805219
Dodecanoyl-sn-glycerol__Cn,Dodecanoyl-sn-glycerol,Dodecanoyl-sn-glycerol_m274.215_r6.65Cn,0.027455121,0.026869939,0.043128261,0.033057029,0.055452145,0.035459572,0.05864107,0.040794008,0.047351875,0.029117474,0.042637666,0.060403176
a-CEHC_a-tocopheronolactone__Cn,a-CEHC_a-tocopheronolactone_,a-CEHC_a-tocopheronolactone__m278.151_r5.8Cn,0.013782142,0.009039626,0.019957053,0.015225666,0.007716157,0.007394617,0.012072282,0.036781317,0.013111935,0.005571127,0.011944427,0.010049334
Linoelaidic Acid__Cp,Linoelaidic Acid,Linoelaidic Acid_m280.239_r7.11Cp,0.000907347,0.000624728,0.001462218,0.001199132,0.001381048,0.000891613,0.00188074,0.00255696,0.001201985,0.000743147,0.001299705,0.001506394
Octadecadienoic acid__Cp,Octadecadienoic acid,Octadecadienoic acid_m280.239_r8.4Cp,0.001069465,0.000548042,0.001114658,0.001662033,0.001291277,0.000778735,0.001301988,0.001853459,0.001101328,0.000700727,0.000897072,0.001388279
Linoleic Acid __Cp,Linoleic Acid ,Linoleic Acid _m280.239_r7.99Cp,0.0040209,0.002198981,0.004887694,0.006146395,0.003167872,0.001737669,0.004646711,0.006801772,0.003969265,0.002811308,0.002643143,0.003644774
Hydroxyheptadecadienoic acid__Cn,Hydroxyheptadecadienoic acid,Hydroxyheptadecadienoic acid_m282.22_r6.97Cn,0.010796074,0.013089622,0.01881333,0.01399445,0.027640404,0.016859595,0.022890627,0.018608721,0.02293158,0.014611589,0.020908875,0.030719678
Vaccenic acid __Cp,Vaccenic acid ,Vaccenic acid _m282.255_r8.67Cp,0.001128261,0.000716721,0.001566305,0.001723511,0.002060674,0.001068243,0.001840435,0.001860151,0.001604994,0.001047522,0.001254474,0.001904348
Octadecenoic acid__Cp,Octadecenoic acid,Octadecenoic acid_m282.255_r9.09Cp,0.007338877,0.005687661,0.008087763,0.009513573,0.009451228,0.006080437,0.009832667,0.009463868,0.008133715,0.004996442,0.006954608,0.011024775
Stearate__Cn,Stearate_,Stearate___m284.271_r7.36Cn,0.001589319,0.002666138,0.003479846,0.003658041,0.001988422,0.002097307,0.001608811,0.005291727,0.003443474,0.002477557,0.020672019,0.005293224
Tetradecanoylglycine__Cp,Tetradecanoylglycine,Tetradecanoylglycine_m285.23_r2.88Cp,0.004109883,0.003227179,0.004358363,0.001022237,0.006374447,0.005161988,0.005948838,0.002594115,0.004455096,0.002474353,0.002494721,0.003805706
Myristoylglycine__Cp,Myristoylglycine,Myristoylglycine_m285.23_r6.57Cp,0.004478935,0.001876982,0.005196368,0.005493083,0.004055052,0.002153984,0.005072064,0.00840854,0.003340986,0.002271432,0.002974433,0.00405713
Myristoylglycine__Cn,Myristoylglycine_,Myristoylglycine___m285.233_r7Cn,0,0.005598807,0.015379962,0.005584402,0.003701091,0.009022033,0.007163904,0.012568402,0.005397782,0.006793461,0.011012135,0.01108195
Hexadecanedioate__Cn,Hexadecanedioate_,Hexadecanedioate__m286.213_r4.65Cn,0.019191606,0.014517271,0.031178691,0.02570906,0.020356469,0.014629865,0.023628851,0.042184785,0.025579032,0.013979368,0.021260377,0.027742823
Methoxyhexadecanoic acid__Cn,Methoxyhexadecanoic acid_,Methoxyhexadecanoic acid___m286.25_r7.23Cn,0.013295186,0.016503144,0.024350763,0.016448116,0.022445933,0.025825171,0.029994237,0.030081563,0.031158658,0.013137817,0.027536725,0.027667585
Dihydroxypalmitic acid__Cn,Dihydroxypalmitic acid,Dihydroxypalmitic acid_m288.23_r7.21Cn,0.064332364,0.073962263,0.0757049,0.057614744,0.11686235,0.061571713,0.114476588,0.09794266,0.107437427,0.066461833,0.11067678,0.140257696
Androstenediol__Cp,Androstenediol,Androstenediol_m290.222_r6.43Cp,0.000723098,0.000425975,0.000816946,0.000683095,0.001284229,0.000780007,0.00104215,0.000966726,0.000998709,0.000567456,0.000428424,0.000961009
"12,13-EpOME__Cp","12,13-EpOME","12,13-EpOME_m296.234_r5.23Cp",0.006234487,0.002495296,0.006216228,0.006167177,0.005396694,0.003578044,0.007860799,0.008061778,0.005348592,0.003230885,0.00458348,0.006314814
Nonadecenoate__Cp,Nonadecenoate,Nonadecenoate_m296.27_r9.12Cp,0.001139041,0.000711003,0.001195877,0.001084747,0.001546814,0.000891255,0.001786737,0.001578682,0.001876684,0.000974197,0.001336456,0.001744095
9S-HOME__Cp,9S-HOME,9S-HOME_m298.25_r7.8Cp,0.001645924,0.000967618,0.001688148,0.002271718,0.001459978,0.000895349,0.002070929,0.002278974,0.001306082,0.000897456,0.001240933,0.001808018
9E-HOME__Cp,9E-HOME,9E-HOME_m298.25_r8.01Cp,0.010115541,0.006958111,0.011342891,0.016545794,0.008505782,0.005761951,0.012284607,0.018020401,0.011305242,0.006766768,0.008464824,0.012956025
12S-HOME__Cp,12S-HOME,12S-HOME_m298.25_r7.1Cp,0.001483363,0.000521854,0.001543874,0.002001622,0.001293952,0.000797449,0.001550268,0.002524008,0.001079796,0.00078609,0.00116073,0.001465108
Oxostearic acid__Cn,Oxostearic acid_,Oxostearic acid___m298.251_r6.55Cn,0.037742716,0.031064542,0.051826057,0.0363233,0.056039392,0.038119162,0.06408275,0.051808176,0.055703722,0.034308062,0.04605391,0.055485664
13R-HOME__Cn,13R-HOME_,13R-HOME__m298.251_r7.57Cn,0.187996466,0.541995452,0.632649701,0.418322875,0.572058161,0.395605235,0.264920549,0.742169438,0.897999069,0.537009926,0.41205127,0.677532535
Tetranor-PGF1alpha__Cn,Tetranor-PGF1alpha,Tetranor-PGF1alpha_m300.192_r4.65Cn,0.014122122,0.012037426,0.028924284,0.01795112,0.016849031,0.012504868,0.016091431,0.041425406,0.01915583,0.011519635,0.015957028,0.020155511
Retinoic acid__Cn,Retinoic acid_,Retinoic acid___m300.211_r7.34Cn,0.007006468,0.01183674,0.016253997,0.007122883,0.01557584,0.014928302,0.012420336,0.000379918,0.026702266,0.000260815,0.016131122,0.019883605
MG_14-1__Cn,MG_14-1_,MG_14-1__m300.23_r6.97Cn,0.010722776,0.014411265,0.017429448,0.01357313,0.029975456,0.016724423,0.02525388,0.020650473,0.02825203,0.015243889,0.021856691,0.033970279
HSA_Hydroxystearic acid__Cn,HSA_Hydroxystearic acid_,HSA_Hydroxystearic acid___m300.266_r7.42Cn,0.014775999,0.012989213,0.016581607,0.0146709,0.021556759,0.017999849,0.027990574,0.029762658,0.023711959,0.011451308,0.020125825,0.0215217
Hydroxystearic acid iso__Cn,Hydroxystearic acid iso_,HOD__Hydroxystearic acid iso___m300.266_r7.66Cn,0.012012105,0.013787163,0.027481736,0.017435831,0.013604089,0.021739948,0.012193124,0.035389429,0.029161335,0.017480659,0.016897937,0.023295392
"HOD, Hydroxyoctadecanoic acid__Cn","HOD, Hydroxyoctadecanoic acid","HOD, Hydroxyoctadecanoic acid_m300.267_r7.07Cn",0.129700262,0.14026908,0.185219919,0.149274288,0.174608334,0.117946052,0.189863875,0.230016909,0.224363463,0.130560862,0.17449856,0.222433572
"EPA, Eicosapentaenoate__Cp","EPA, Eicosapentaenoate","EPA, Eicosapentaenoate_m302.224_r9.07Cp",0.000396916,0.000208608,0.00023012,0.00022514,0.000367296,0.00022433,0.000475552,0.000248023,0.000368073,0.000172806,0.000435813,0.000431668
"EPA, Eicosapentaenoic Acid__Cn","EPA, Eicosapentaenoic Acid_","EPA, Eicosapentaenoic Acid___m302.227_r7.48Cn",0.002355178,0.003343399,0.004435761,0.002192547,0.003801776,0.003495292,0.002506215,0.00503192,0.007300974,0.003130892,0.005371997,0.004916408
AA_Arachidonate_PUFA__Cp,AA_Arachidonate_PUFA,AA_Arachidonate_PUFA_m304.238_r8.44Cp,0.000417424,0.000316989,0.000336654,0.000709672,0.000523161,0.000405051,0.000573219,0.000533177,0.00050104,0.000278641,0.000407226,0.000533271
"ETA, Eicosatetraenoic acid__Cp","ETA, Eicosatetraenoic acid","ETA, Eicosatetraenoic acid_m304.239_r8.05Cp",0.000788356,0.000515186,0.000764857,0.000939792,0.000839251,0.000592414,0.00080561,0.001247746,0.000688622,0.000481409,0.000385577,0.000747639
"AA, Arachidonate_PUFAs__Cn","AA, Arachidonate_PUFAs_","AA, Arachidonate_PUFAs___m304.241_r7.01Cn",0.000233396,0.000204241,0.00048129,0.000110633,0,7.99E-05,0.000102545,0.000166118,0.000142476,0.000111006,0.000550786,0.000176114
Eicosatrienoic Acid__Cp,Eicosatrienoic Acid,Eicosatrienoic Acid_m306.254_r8.01Cp,0.001356446,0.000553364,0.000754759,0.000923869,0.000710588,0.000537593,0.001416178,0.001390702,0.000809297,0.000628623,0.000649964,0.00081168
Glutathione__Cp,Glutathione,Glutathione_m307.083_r1.19Cp,0.00072261,0.00063217,5.84E-05,0.000766828,0.000568357,0.000293411,0.001350234,0.000908681,0.000108332,0.000611643,0.000544273,0.000489281
Fructosyl-lysine__Cn,Fructosyl-lysine_,Fructosyl-lysine___m308.162_r3.87Cn,0.017680653,0.041178707,0.015928019,0.010479956,0.011453802,0.03244593,0.032136744,0.069754427,0.014269408,0.013535214,0.028180403,0.017226001
"13S-HpODE, Hydroperoxylinoleate__Cn","13S-HpODE, Hydroperoxylinoleate","13S-HpODE, Hydroperoxylinoleate_m312.228_r6.44Cn",0.006488132,0.005046067,0.006955955,0.0075568,0.007994002,0.006094263,0.010253644,0.004414316,0.007803157,0.003924619,0.008020899,0.010245108
Oxo-hydroxyoctadecenoic acid__Cn,Oxo-hydroxyoctadecenoic acid_,Oxo-hydroxyoctadecenoic acid___m312.229_r4.72Cn,0.027550116,0.017908045,0.034688604,0.035588733,0.021733274,0.01858879,0.028006769,0.046410691,0.03011576,0.016597526,0.021127712,0.03064205
Progesterone__Cn,Progesterone_,Progesterone___m314.229_r7.43Cn,0.010577371,0.015571066,0.021339328,0.010554284,0.02226404,0.017957757,0.018383024,0.020212659,0.033311977,0.016452529,0.025104633,0.024364197
Octadecanedioic acid__Cn,Octadecanedioic acid_,Octadecanedioic acid___m314.245_r7.72Cn,0.03809255,0.041648655,0.077589048,0.051052172,0.076464822,0.036003726,0.041976733,0.082811198,0.071624777,0.04405268,0.059346338,0.106693689
Docosahexaynoic acid__Cn,Docosahexaynoic acid,Docosahexaynoic acid_m316.145_r4.87Cn,0.051731611,0.095024393,0.042041926,0.02856513,0.04792124,0.075402471,0.077865474,0.203614614,0.07790443,0.051186544,0.026189451,0.052061254
Dihydroxystearic acid__Cn,Dihydroxystearic acid_,Dihydroxystearic acid___m316.261_r7.24Cn,0.062724948,0.074156303,0.106959292,0.097166135,0.116389686,0.083422018,0.116621714,0.143919565,0.164848558,0.093438201,0.121134741,0.161206264
MG_15-0__Cp,MG_15-0_,MG_15-0__m316.261_r5.46Cp,0.002976358,0.001362081,0.000922515,0.003557979,0.003564346,0.000650801,0.004299105,0.003454947,0.00262703,0.001531246,0.00224365,0.003693198
MG_15-0__Cn,MG_15-0,MG_15-0_m316.262_r6.54Cn,0.039625845,0.033831918,0.05988178,0.04008499,0.056910841,0.039607237,0.067577472,0.061238308,0.059528184,0.035570661,0.048453294,0.060771662
"LTA4, leukotriene__Cp","LTA4, leukotriene","LTA4, leukotriene_m317.209_r1.51Cp",0.000293024,0.000135729,0.000253537,0.000387234,0.000550317,0.000216175,0.002896409,0.000440272,0.000115432,0.000143996,6.08E-05,0.000155836
"EpETE, epoxy-eicosatetraenoic acid__Cn","EpETE, epoxy-eicosatetraenoic acid","EpETE, epoxy-eicosatetraenoic acid_m318.22_r7.34Cn",0.009202,0.013492743,0.018788222,0.007598044,0.017654646,0.017487595,0.015178125,0.020282855,0.03101946,0.01457448,0.018960925,0.022721281
Docosapentaynoic acid__Cn,Docosapentaynoic acid,Docosapentaynoic acid_m320.181_r4.02Cn,0.011655464,0.008168547,0.017296942,0.010305323,0.009662668,0.009022413,0.012746315,0.026217053,0.013419218,0.007351001,0.010157999,0.012415039
EET_Epoxyeicosatrienoate__Cn,EET_Epoxyeicosatrienoate_,EET_Epoxyeicosatrienoate__m320.237_r7.24Cn,0.005699263,0.007933463,0.009490197,0.005736743,0.008337744,0.007352803,0.006253138,0.014403091,0.011702286,0.005629658,0.00746473,0.009171264
Dinor-PGE2__Cn,Dinor-PGE2_,Dinor-PGE2__m324.194_r6.27Cn,0.009751214,0.010455906,0.01937116,0.014560825,0.009640468,0.008610297,0.010743181,0.028739234,0.014640418,0.009183356,0.012170931,0.012600852
"EPA-Na, Eicosapentaenoic Acid-Na__Cp","EPA-Na, Eicosapentaenoic Acid-Na","EPA-Na, Eicosapentaenoic Acid-Na_m324.208_r9.09Cp",0.000500342,0.000454102,0.000637989,0.000498746,0.000661594,0.000592311,0.00065455,0.000672631,0.000688524,0.000418554,0.00052103,0.00079818
20-HEDE__Cp,20-HEDE,20-HEDE_m324.265_r8.41Cp,8.17E-05,0.000129759,0.000139606,0.000756156,0.000257522,7.76E-05,0.000186847,0.000101819,0.000141842,0.000115349,0.000140833,0.000192307
Oxo-11-eicosenoic acid__Cn,Oxo-11-eicosenoic acid,Oxo-11-eicosenoic acid_m324.266_r7.48Cn,0.01377887,0.018312332,0.025005887,0.016495814,0.023828352,0.016769308,0.023356278,0.034383371,0.033732411,0.018840613,0.024893452,0.031836692
Dinor-PGF2alpha__Cn,Dinor-PGF2alpha,Dinor-PGF2alpha_m326.206_r4.66Cn,0.012781368,0.006342304,0.021749333,0.030034521,0.010228115,0.009256925,0.015011072,0.039265968,0.016083541,0.006636463,0.01311605,0.016480811
N-palmitoyl alanine__Cn,N-palmitoyl alanine_,N-palmitoyl alanine___m327.278_r7.51Cn,0.031992655,0.034355345,0.043783096,0.028803692,0.03003454,0.033370817,0.036214741,0.045478266,0.028444596,0.020548432,0.027593092,0.051162365
PGM_prostaglandin__Cn,PGM_prostaglandin,PGM_prostaglandin_m328.152_r3.99Cn,0.006189517,0.010435819,0.005163556,0.005958935,0.009608069,0.009044572,0.008287809,0.01228615,0.013062429,0.006724077,0.017433279,0.014854697
MG_16-1__Cp,MG_16-1,MG_16-1_m328.26_r8.44Cp,0.000513092,0.000593051,0.001035826,0.001163391,0.001166124,0.001044866,0.000573981,0.000762923,0.000913747,0.000739788,0.00071981,0.00076377
MG_16-1__Cn,MG_16-1_,MG_16-1__m328.262_r7.81Cn,0.019707697,0.021130359,0.023295208,0.017530892,0.018759631,0.018710253,0.017013103,0.039555108,0.023908099,0.018474047,0.037592243,0.039641539
Hydroxyicosanoate__Cn,Hydroxyicosanoate,Hydroxyicosanoate_m328.296_r7.57Cn,0.009246954,0.007658471,0.013712779,0.010152338,0.011810244,0.011408282,0.017937094,0.021274491,0.019862829,0.009115944,0.017512829,0.015595088
"Tetranor-PGFM, prostaglandin__Cn","Tetranor-PGFM, prostaglandin","Tetranor-PGFM, prostaglandin_m330.167_r3.99Cn",0.016146386,0.013439058,0.022984177,0.022787408,0.020000431,0.014338507,0.021735408,0.03880281,0.023709838,0.010633017,0.025108358,0.027871579
Hydroxyprogesterone__Cp,Hydroxyprogesterone,Hydroxyprogesterone_m330.222_r1.55Cp,0.001265431,0.001809237,0.003487065,0.002657169,0.005265409,0.003359388,0.002300193,0.002372836,0.005501479,0.002448224,0.004782502,0.005840987
"TriHOME, Trihydroxy-octadecenoic acid__Cn","TriHOME, Trihydroxy-octadecenoic acid_","TriHOME, Trihydroxy-octadecenoic acid___m330.238_r7.6Cn",0.048109467,0.050765714,0.062052104,0.043524876,0.044282635,0.030760797,0.031664313,0.06916805,0.061951347,0.048120962,0.024248893,0.047321912
Trihydroxy-octadecenoic acid iso__Cn,Trihydroxy-octadecenoic acid iso_,Trihydroxy-octadecenoic acid iso___m330.239_r4.75Cn,0.038731225,0.031381018,0.054908161,0.057684951,0.035395675,0.030657571,0.043360542,0.077908898,0.051225059,0.028030096,0.035654055,0.047148611
"PGA3, prostaglandin__Cn","PGA3, prostaglandin","PGA3, prostaglandin_m332.199_r4.67Cn",0.013298612,0.013617771,0.023423655,0.014266898,0.01765455,0.014610032,0.014813263,0.031652529,0.023751008,0.012989575,0.01721305,0.02222701
Hydroxyprogesterone__Cn,Hydroxyprogesterone,Hydroxyprogesterone_m332.199_r6.33Cn,0.006569476,0.00712037,0.013303039,0.008202364,0.007438645,0.007028654,0.006994768,0.020431615,0.013283906,0.006091775,0.009851231,0.009397146
Trihydroxy-stearic acid__Cn,Trihydroxy-stearic acid_,Trihydroxy-stearic acid___m332.255_r4.75Cn,0.025946604,0.020184396,0.034630915,0.032137016,0.021923041,0.018942111,0.027112768,0.049376639,0.031464534,0.01684034,0.02202751,0.029133251
Trihydroxy-octadecanoate__Cn,Trihydroxy-octadecanoate,Trihydroxy-octadecanoate_m332.255_r4.99Cn,0.018688145,0.025180836,0.029391127,0.032813828,0.020421699,0.020531802,0.025494183,0.03764978,0.036411709,0.018869395,0.030898098,0.028785256
Docosatetraenoic Acid__Cp,Docosatetraenoic Acid_,Docosatetraenoic Acid__m332.268_r7.79Cp,0.00024118,0.000142512,0.000289399,0.000270334,0.000578264,0.000294912,0.000616276,0,0.000425141,0.000315002,0.000275449,0.000511451
Lipoyllysine__Cn,Lipoyllysine,Lipoyllysine_m334.143_r6.14Cn,0.025330502,0.0150132,0.061757291,0.039462638,0.01317747,0.016603403,0.014979769,0.081193309,0.045830272,0.011370975,0.06960616,0.054138487
"Hydroxyoctadecanoic acid, 10-chloro-__Cn","Hydroxyoctadecanoic acid, 10-chloro-_","Hydroxyoctadecanoic acid, 10-chloro-___m334.229_r7.21Cn",0.014832886,0.016499851,0.028637797,0.019784086,0.017395784,0.017288259,0.014986938,0.043009004,0.026723949,0.012441513,0.01957423,0.020088722
"PGC1, Prostaglandin__Cn","PGC1, Prostaglandin_","PGC1, Prostaglandin__m336.229_r4.74Cn",0.016138295,0.015196226,0.032404535,0.022336088,0.018514395,0.017916904,0.016263928,0.057208035,0.02835574,0.014592117,0.019981736,0.022481186
DiHETE__Dihydroxyeicosatetraenoate__Cn,DiHETE_Dihydroxyeicosatetraenoate,DiHETE__Dihydroxyeicosatetraenoate_m336.229_r4.98Cn,0.024365082,0.049587265,0.055694659,0.035879954,0.026123616,0.036522261,0.024931448,0.067704457,0.075092783,0.034135632,0.048262109,0.044662004
12S-HpETE_Hydroperoxyeicosatetraenoic acid__Cn,12S-HpETE_Hydroperoxyeicosatetraenoic acid,12S-HpETE_Hydroperoxyeicosatetraenoic acid_m336.23_r6.66Cn,0.005062264,0.006674158,0.009879349,0.012438609,0.008540442,0.007045888,0.007247689,0.009283364,0.009403705,0.004828052,0.006197721,0.009256411
PGC1_Prostaglandin__Cn,PGC1_Prostaglandin,PGC1_Prostaglandin_m336.23_r7.22Cn,0.009431421,0.009232864,0.015248264,0.01057817,0.008455727,0.008629459,0.010095257,0.023139765,0.014344038,0.006803097,0.008454781,0.010061872
15S-HpETE__Cn,15S-HpETE_,15S-HpETE___m336.231_r6.93Cn,0.003135493,0.006189276,0.008604851,0.008995843,0.005755791,0.005217741,0.005710532,0.007678778,0.008072139,0.004648332,0.00619526,0.006527667
Hydroxy-oxo-dinor-LTB4__Cn,Hydroxy-oxo-dinor-LTB4,Hydroxy-oxo-dinor-LTB4_m338.172_r4.74Cn,0.01027095,0.003993571,0.014782344,0.008990088,0.005705753,0.005173321,0.005993277,0.026546429,0.008005719,0.003774155,0.007403707,0.009712906
DHET_Dihydroxyeicosatrienoic acid__Cn,DHET_Dihydroxyeicosatrienoic acid,DHET_Dihydroxyeicosatrienoic acid_m338.245_r7.23Cn,0.007561694,0.009917724,0.013482511,0.008836018,0.011444893,0.007188114,0.01050465,0.021431585,0.014054644,0.007421112,0.010483256,0.011788687
Docosenoic Acid__Cp,Docosenoic Acid,Docosenoic Acid_m338.317_r10.07Cp,0.000107645,7.40E-05,0,0.000206638,0.001114438,0.000133636,0.000208004,0.000183956,5.39E-05,0,0.000165209,0.000897742
N-Oleoyl Glycine__Cn,N-Oleoyl Glycine_,N-Oleoyl Glycine___m339.277_r7.51Cn,0.006731985,0.007430085,0.033995215,0.007759186,0.014253032,0.02103283,0.007983782,0.017370104,0.014677819,0.015951193,0.017868274,0.017453543
"Dehydro-dinor-TXB2, thromboxane__Cn","Dehydro-dinor-TXB2, thromboxane","Dehydro-dinor-TXB2, thromboxane_m340.187_r4.76Cn",0.013119817,0.012259883,0.020213189,0.014737,0.015783503,0.012834431,0.014869865,0.027789371,0.023247478,0.011572346,0.019142867,0.021881772
Dehydro-dinor-TXB2 iso__Cn,Dehydro-dinor-TXB2 iso,Dehydro-dinor-TXB2 iso_m340.187_r4.96Cn,0.007986066,0.011056628,0.010460581,0.014596763,0.011852683,0.007315364,0.011272417,0.019007971,0.018421997,0.007466719,0.016086428,0.018420444
N-stearoyl glycine__Cn,N-stearoyl glycine_,N-stearoyl glycine___m341.293_r7.46Cn,0.00507674,0.003832197,0.009583948,0.005641249,0.004663902,0.005985251,0.005870877,0.009464529,0.007300837,0.004990528,0.007783186,0.007346399
Dinor-keto-PGF1alpha__Cn,Dinor-keto-PGF1alpha,Dinor-keto-PGF1alpha_m342.204_r6.27Cn,0.009320139,0.010049512,0.019184602,0.013897747,0.010222432,0.008728634,0.010894172,0.027237995,0.014120517,0.009015214,0.012088301,0.012745843
Hydroxy-9-methoxy-10-oxo-11-octadecenoic acid__Cn,Hydroxy-9-methoxy-10-oxo-11-octadecenoic acid,Hydroxy-9-methoxy-10-oxo-11-octadecenoic acid_m342.239_r5.03Cn,0.018686348,0.023346422,0.034989413,0.024605528,0.01451219,0.005191821,0.007373667,0.039116489,0.036218276,0.016328323,0.029620002,0.025562372
"Dinor-TXB1, thromboxane__Cn","Dinor-TXB1, thromboxane","Dinor-TXB1, thromboxane_m342.239_r4.75Cn",0.012476189,0.010792341,0.019316361,0.015848368,0.014124987,0.010865238,0.016219519,0.029076659,0.018649237,0.009531206,0.014677785,0.018807766
Hydroxyheneicosanoic acid__Cn,Hydroxyheneicosanoic acid,Hydroxyheneicosanoic acid_m342.313_r7.15Cn,0.012043692,0.008764128,0.016354884,0.009070972,0.018197641,0.011818088,0.023627876,0.014551828,0.016243735,0.010172554,0.016948832,0.021093439
N-palmitoyl serine__Cn,N-palmitoyl serine_,N-palmitoyl serine___m343.275_r7.28Cn,0.007866653,0.012123309,0.013491172,0.006824742,0.006571996,0.011093455,0.012017712,0.027029263,0.012251169,0.006512434,0.009781673,0.012124147
Dihydroxymethoxy-octadecenoic acid__Cn,Dihydroxymethoxy-octadecenoic acid_,Dihydroxymethoxy-octadecenoic acid___m344.256_r7.57Cn,0.019844018,0.032904642,0.055230126,0.038304613,0.030887779,0.028746521,0.020855767,0.074073228,0.059129065,0.035374685,0.038525942,0.044964822
"AEA, Anandamide__Cp","AEA, Anandamide","AEA, Anandamide_m347.279_r8.85Cp",0.000302169,0.000102646,0.000474315,7.15E-05,0.000165617,0.000193373,0.000283507,0.000347448,0.00032438,0.000233778,0.000287929,0.000445186
Hydroxylinalyl oxide 7-glucoside__Cn,Hydroxylinalyl oxide 7-glucoside_,Hydroxylinalyl oxide 7-glucoside___m348.18_r7.06Cn,0.058075542,0.203906583,0.138004946,0.097999289,0.045029543,0.115751475,0.051168562,0.142280856,0.252040388,0.108493382,0.062034492,0.097733935
"TXA3, thromboxane__Cn","TXA3, thromboxane","TXA3, thromboxane_m350.208_r4.66Cn",0.021607991,0.020035568,0.040636489,0.029917202,0.0261279,0.022452095,0.02123962,0.061974995,0.036710795,0.018748548,0.02646469,0.032497388
Tetrahydrodeoxycortisol__Cn,Tetrahydrodeoxycortisol_,Tetrahydrodeoxycortisol___m350.249_r7.43Cn,0.017555582,0.015350009,0.035264642,0.02052283,0.012149545,0.013724492,0.013789771,0.064995403,0.028567108,0.013320682,0.013401096,0.01593808
Prostaglandin E2__Cp,Prostaglandin E2,Prostaglandin E2_m352.223_r5.52Cp,0.001016354,0.0003843,0.000701677,0.001221488,0.00104121,0.000342457,0.001196813,0.001449579,0.000885685,0.000581401,0.00079507,0.001190122
"LXA4, Lipoxin__Cn","LXA4, Lipoxin","LXA4, Lipoxin_m352.224_r4.65Cn",0.0224678,0.022260274,0.039977255,0.039995755,0.02654274,0.025279787,0.024001778,0.065134436,0.042280292,0.020922662,0.026676161,0.037809568
"PGE2, Prostaglandin__Cn","PGE2, Prostaglandin","PGE2, Prostaglandin_m352.229_r7.08Cn",0.024139399,0.02349651,0.047215379,0.037334116,0.020069311,0.018303046,0.021880647,0.073296166,0.035564666,0.014467218,0.020935848,0.02376149
N-palmitoyl proline__Cn,N-palmitoyl proline_,N-palmitoyl proline___m353.293_r7.56Cn,0.098635568,0.07086475,0.091646984,0.050432569,0.107164914,0.108377062,0.193711085,0.042383269,0.06417561,0.043616319,0.070484698,0.128005551
Dihydro-LXA4__Cn,Dihydro-LXA4,Dihydro-LXA4_m354.24_r4.98Cn,0.027333012,0.052807186,0.064956318,0.041360563,0.027496576,0.04137971,0.030361288,0.075123741,0.079410529,0.036297148,0.05155247,0.048241825
"MG 18-2, Linoleoyl Glycerol__Cn","MG 18-2, Linoleoyl Glycerol","MG 18-2, Linoleoyl Glycerol_m354.277_r7.83Cn",0.003171327,0.003831742,0.004622533,0.003667021,0.003874937,0.004211339,0.002066979,0.008042969,0.005710102,0.005466783,0.009484622,0.008360893
Pristanoylglycine__Cp,Pristanoylglycine,Pristanoylglycine_m355.307_r3.91Cp,0.004766605,0.003674894,0.00614872,0.005238158,0.007648013,0.005365478,0.005421767,0.008369077,0.007731849,0.004916651,0.005463358,0.007132712
Pristanoylglycine__Cn,Pristanoylglycine,Pristanoylglycine_m355.308_r7.62Cn,0.012755141,0.015620492,0.020894731,0.017282101,0.016412937,0.019843048,0.024158712,0.016436803,0.017041298,0.01201332,0.023418903,0.039860612
N-Stearoyl Alanine__Cp,N-Stearoyl Alanine,N-Stearoyl Alanine_m355.308_r7.05Cp,0.001932812,0.000840032,0.001792072,0.002184581,0.001988734,0.001158712,0.002813757,0.002749663,0.001653295,0.000947593,0.001308251,0.001684804
N-Palmitoyl Valine__Cp,N-Palmitoyl Valine,N-Palmitoyl Valine_m355.309_r9.59Cp,0.000245498,0.000123965,0.000385392,0.000287186,0.00026067,0.000192408,0.000139499,0.000535003,0.00020628,0.000151606,0.00012838,0.000331554
N-stearoyl alanine__Cn,N-stearoyl alanine_,N-stearoyl alanine__m355.31_r7.77Cn,0.014224898,0.0170211,0.038052104,0.027467865,0.013557677,0.015101699,0.013967919,0.029245824,0.01377759,0.010928076,0.020586452,0.026248275
"PGF1a, Prostaglandin__Cp","PGF1a, Prostaglandin","PGF1a, Prostaglandin_m356.253_r7.02Cp",0.029973528,0.006366453,0.02614971,0.026342877,0.021071692,0.008396221,0.042006109,0.037736471,0.01137054,0.008751838,0.010651176,0.017007204
PGF1a__Cn,PGF1a,PGF1a_m356.254_r4.75Cn,0.012702019,0.010806669,0.01850034,0.01630871,0.011420041,0.009414164,0.014891258,0.024697497,0.014205197,0.010370567,0.010681607,0.014873429
Dihydro PGF2a__Cn,Dihydro PGF2a,Dihydro PGF2a_m356.256_r6.75Cn,0.005736704,0.005898287,0.010444501,0.006269541,0.008857707,0.006031852,0.006004802,0.007333755,0.008169991,0.005079856,0.004564045,0.008940664
MG_18-1 iso_n__Cn,MG_18-1 iso_n,MG_18-1 iso_n_m356.291_r7.22Cn,0.010565045,0.006443132,0.009867564,0.007084127,0.012904536,0.010344432,0.014976511,0.010525458,0.016292962,0.008925463,0.016036178,0.012722145
MG__18-1 i__Cp,MG_18-1 i,MG__18-1 i_m356.291_r7.68Cp,0.003147312,0.0027188,0.005481801,0.006324777,0.003473346,0.002948081,0.003844498,0.008173078,0.005311192,0.003144263,0.00314423,0.003469955
Stearoyllactic acid__Cp,Stearoyllactic acid,Stearoyllactic acid_m356.292_r7.35Cp,0.004770353,0.003752104,0.008313123,0.009460673,0.00444553,0.004064092,0.005472731,0.015298907,0.005852844,0.003452839,0.012593216,0.005096757
MG__18-1__Cp,MG_18-1,MG__18-1_m356.292_r9.07Cp,0.001049969,0.001015882,0.001605125,0.001778244,0.001364044,0.001026822,0.000960841,0.002464561,0.002043939,0.001189698,0.002350957,0.00183114
MG_18-1 _n__Cn,MG_18-1 _n,MG_18-1 _n_m356.293_r8Cn,0.00390874,0.003306765,0.005287949,0.003359802,0.00396896,0.00370674,0.004605507,0.008575786,0.005159522,0.002959599,0.004929581,0.005655889
N-palmitoyl threonine__Cn,N-palmitoyl threonine_,N-palmitoyl threonine___m357.289_r7.56Cn,0.018926289,0.022468875,0.034969866,0.028003373,0.024407376,0.01936858,0.023841329,0.046025119,0.040152491,0.019844225,0.021954515,0.027409835
Dihydroxy-12-ethoxyoctadecenoic acid__Cn,Dihydroxy-12-ethoxyoctadecenoic acid_,Dihydroxy-12-ethoxyoctadecenoic acid___m358.272_r7.79Cn,0.024162578,0.034897592,0.03938147,0.027106203,0.041481962,0.02700785,0.020897639,0.056777242,0.049376932,0.03289363,0.038426998,0.046589313
NAGly__N-Arachidonoylglycine__Cn,NAGly_N-Arachidonoylglycine_,NAGly__N-Arachidonoylglycine___m361.265_r7.56Cn,0.011439757,0.038560067,0.052528426,0.032735863,0.048579504,0.037231626,0.016017611,0.067398491,0.089860016,0.058277621,0.043990052,0.065546326
Cortisol__Cp,Cortisol,Cortisol_m362.209_r4.49Cp,0.001538312,0.000639128,0.001273207,0.001454313,0.001533725,0.000907409,0.00220554,0.002022505,0.001397789,0.000824207,0.001011569,0.001662461
N-palmitoyl taurine__Cn,N-palmitoyl taurine_,N-palmitoyl taurine___m363.246_r6.89Cn,0.009653144,0.008681647,0.00674456,0.058929622,0.003320171,0.005585924,0.003468563,0.007728655,0.001666328,0.001153467,0.001086695,0.001268747
Tryptophan 2-C-mannoside__Cn,Tryptophan 2-C-mannoside,Tryptophan 2-C-mannoside_m366.148_r6.24Cn,0.017825079,0.017542952,0.032042174,0.035587419,0.009888918,0.013964416,0.015362243,0.077155502,0.03402242,0.018806137,0.024397256,0.019642076
Nervonic Acid__Cp,Nervonic Acid,Nervonic Acid_m366.347_r9.95Cp,0.000857308,0.000402739,0.000871143,0.000534837,0.000956519,0.000784636,0.001086362,0.001475241,0.000961613,0.000590252,0.000814109,0.00134258
"PA_6-0,6-0__Cp","PA_6-0,6-0_","PA_6-0,6-0__m368.161_r7.6Cp",0.000141735,2.78E-05,0.000123285,0.000132994,0.000182301,9.29E-05,0.000228751,7.56E-05,5.00E-05,4.31E-05,5.44E-05,0.000154572
"Hp-PGE2, Hydroxyprostaglandin__Cn","Hp-PGE2, Hydroxyprostaglandin","Hp-PGE2, Hydroxyprostaglandin_m368.218_r4.66Cn",0.011359326,0.009954166,0.028046438,0.02668779,0.013329507,0.011325167,0.008748423,0.046074411,0.019135748,0.008566166,0.01272604,0.013692295
Dehydro-TXB2_thromboxane__Cp,Dehydro-TXB2_thromboxane,Dehydro-TXB2_thromboxane_m368.218_r3.63Cp,0.001223127,0.000419758,0.00105462,0.001018392,0.000897704,0.000490634,0.001140267,0.000944056,0.00055912,0.000491176,0.000974752,0.001025522
TXB3_Thromboxane__Cn,TXB3_Thromboxane,TXB3_Thromboxane_m368.221_r6.18Cn,0.005695407,0.00298014,0.005216281,0.007321701,0.004060003,0.002672438,0.008051516,0.010697555,0.006107588,0.002901658,0.005233522,0.006687838
"diHPETE__Hp-PGE2, D2__Cn","diHPETE_Hp-PGE2, D2_","diHPETE__Hp-PGE2, D2__m368.221_r6.18Cn",0.005860011,0.003274651,0.005391416,0.007769387,0.004128232,0.002748041,0.008329151,0.01153906,0.006334524,0.003015334,0.005513193,0.006812765
TXB2_thromboxane__Cn,TXB2_keto-PGF1alpha_hydroxy-PGF2alpha,TXB2__keto-PGF1alpha_hydroxy-PGF2alpha_m370.233_r4.65Cn,0.01730737,0.013237261,0.02915459,0.029336744,0.015992281,0.014469832,0.016603529,0.050574154,0.020260446,0.010715051,0.014954198,0.020651017
"PGG1, Prostaglandin__Cn","PGG1, Prostaglandin","PGG1, Prostaglandin_m370.24_r7.08Cn",0.024705333,0.023346541,0.049902412,0.040430026,0.021514296,0.018903864,0.020409446,0.079457755,0.039848053,0.01655848,0.023038428,0.025298444
Docosanedioic acid__Cn,Docosanedioic acid,Docosanedioic acid_m370.308_r7.24Cn,0.03498307,0.030888977,0.04948804,0.025779607,0.052928031,0.038165838,0.070854415,0.057533689,0.069077777,0.036133657,0.057330179,0.063705402
Anandamide _C22-6__Cp,Anandamide _C22-6,Anandamide _C22-6_m371.286_r9.56Cp,0.000222361,0.000585292,0.001311297,0.001281504,0.001045389,0.000702737,0.000303672,0.002397029,0.001619022,0.001103331,0.001114884,0.001549463
Tetradecanoylcarnitine__Cp,Tetradecanoylcarnitine,Tetradecanoylcarnitine_m371.302_r6.24Cp,0.001656569,0.000711975,0.001641463,0.001571016,0.001434515,0.000966793,0.002244868,0.002673165,0.001260293,0.000743096,0.001188729,0.001628654
N-stearoyl serine__Cp,N-stearoyl serine,N-stearoyl serine_m371.303_r7.99Cp,0.000548321,0.000369883,0.000485178,0.000715704,0.000574144,0.000382486,0.000801246,0.001338356,0.000526326,0.000478355,0.000302563,0.000538895
"TXB1, thromboxane__Cn","TXB1, thromboxane","TXB1, thromboxane_m372.25_r4.73Cn",0.020330914,0.01683738,0.030864297,0.025367557,0.019591959,0.017413331,0.024103323,0.046734844,0.025000449,0.014907185,0.017550472,0.024208727
Calcitroate__Cp,Calcitroate,Calcitroate_m374.242_r4.18Cp,0.002961742,0.002253013,0.004491213,0.003600255,0.005800145,0.002737153,0.004299202,0.004388083,0.004488572,0.003011133,0.003254304,0.005877747
Hydroxycortisol__Cp,Hydroxycortisol,Hydroxycortisol_m378.202_r1.52Cp,7.55E-05,2.95E-05,0,2.12E-05,4.33E-05,8.36E-05,0.000262516,0,0.000280914,5.62E-05,5.97E-05,0.000102003
Norchenodeoxycholic acid__Cn,Norchenodeoxycholic acid_,Norchenodeoxycholic acid___m378.278_r4.7Cn,0.005583507,0.007235633,0.009615764,0.006353507,0.008176176,0.007043942,0.007473381,0.012644313,0.012739504,0.006284296,0.008723825,0.008845465
N-oleoyl proline__Cn,N-oleoyl proline,N-oleoyl proline_m379.305_r7.6Cn,0.007954508,0.007599899,0.009887916,0.00514015,0.010066946,0.012047346,0.010744882,0.00617357,0.010465139,0.00813225,0.00861139,0.014919309
N-Deoxy-1-fructosyl-tryptophan__Cn,N-Deoxy-1-fructosyl-tryptophan,N-Deoxy-1-fructosyl-tryptophan_m380.164_r6.57Cn,0.044537254,0.05281395,0.078377859,0.06192869,0.034928624,0.042988854,0.043209811,0.128092365,0.095207471,0.051576516,0.07563576,0.062131918
N-stearoyl proline__Cn,N-stearoyl proline_,N-stearoyl proline___m381.325_r7.81Cn,0.030741293,0.019570661,0.030703433,0.013733987,0.032944396,0.031990637,0.054890517,0.016935002,0.0229564,0.014343775,0.039795493,0.049144163
Hydroxynervonic acid__Cn,Hydroxynervonic acid_,Hydroxynervonic acid___m382.344_r7.46Cn,0.015474489,0.013731444,0.024102914,0.012079211,0.023414911,0.017033691,0.027518147,0.026196872,0.030571708,0.013606018,0.023898821,0.025834342
Hydroxynervonate __Cp,Hydroxynervonate ,Hydroxynervonate _m382.344_r9.4Cp,0.00438163,0.00199858,0.00324912,0.00457344,0.005890297,0.001911627,0.007716599,0.005069925,0.003657759,0.002324151,0.00332797,0.005918645
N-oleoyl threonine__Cn,N-oleoyl threonine_,N-oleoyl threonine___m383.305_r7.81Cn,0.009034558,0.009890107,0.019019121,0.01020657,0.011668257,0.014457958,0.012443806,0.014744364,0.010430769,0.00627974,0.014890146,0.014427351
N-stearoyl valine__Cn,N-stearoyl valine_,N-stearoyl valine___m383.341_r7.84Cn,0.007172864,0.006524637,0.010594893,0.007101182,0.007507366,0.007558894,0.00957338,0.010270914,0.010860084,0.005819415,0.015840901,0.019609101
Cholesterol__Cp,Cholesterol,Cholesterol_m386.354_r9.8Cp,0.000929781,0.000733006,0.001120442,0.001310862,0.001003496,0.000743295,0.001027099,0.002322743,0.000938973,0.000996509,0.00074121,0.001228071
Hydroxymyristoylcarnitine__Cp,Hydroxymyristoylcarnitine,Hydroxymyristoylcarnitine_m387.296_r3.35Cp,0.003302212,0.001609987,0.003346802,0.001864314,0.003004599,0.001870322,0.004640313,0.00232783,0.002802532,0.001840613,0.003717684,0.004449785
N-oleoyl taurine__Cn,N-oleoyl taurine_,N-oleoyl taurine___m389.259_r6.98Cn,0.003514103,0.002754206,0.002101271,0.005965182,0.00256315,0.002490549,0.004273019,0.003642544,0.002788241,0.000997832,0.001682766,0.002300763
N-oleoyl taurine__Cp,N-oleoyl taurine,N-oleoyl taurine_m389.26_r4.17Cp,0.003608605,0.002853064,0.005098109,0.003554109,0.00710075,0.003386656,0.004709159,0.004960005,0.005829581,0.004014347,0.003941511,0.007206134
N-palmitoyl histidine__Cn,N-palmitoyl histidine_,N-palmitoyl histidine___m393.3_r6.97Cn,0.004505098,0.003830693,0.001766026,0.00370488,0.004163539,0.002050087,0.003995655,0.006713727,0.002927349,0.003373658,0.002518104,0.004519684
"Cholane-3a,7a-tetrol__Cn","Cholane-3a,7a-tetrol_","Cholane-3a,7a-tetrol___m394.307_r7.02Cn",0.004323908,0.003228351,0.004320346,0.003547825,0.005157462,0.003198336,0.006702006,0.00440634,0.004748131,0.003598132,0.004121893,0.006696725
N-oleoyl isoleucine__Cn,N-oleoyl isoleucine_,N-oleoyl isoleucine___m395.34_r7.78Cn,0.010502126,0.01591124,0.022989156,0.014339014,0.020661364,0.019733765,0.0125913,0.030072824,0.036588264,0.02362257,0.040680704,0.044819858
PGF2alpha-11-acetate__Cn,PGF2alpha-11-acetate,PGF2alpha-11-acetate_m396.252_r7Cn,0.001817801,0.001547521,0.002404051,0.002382386,0.001446564,0.000934654,0.001212526,0.003579119,0.001458174,0.000956372,0.000606583,0.001695105
LysoPE_12-0__Cn,LysoPE_12-0,LysoPE_12-0_m397.228_r7.74Cn,0.004171127,0.011769846,0.014274329,0.009450166,0.014802882,0.012642756,0.00728009,0.024876578,0.024747758,0.010806898,0.023948801,0.021467404
Behenoylglycine__Cn,"Behenoylglycine,  fatty acid oxidation met i_","Behenoylglycine,  fatty acid oxidation met i___m397.355_r7.54Cn",0.017027976,0.042580084,0.024398819,0.022058696,0.019617483,0.041257261,0.023263675,0.023895006,0.028920393,0.013969487,0.040089337,0.050229639
Behenoylglycine__Cp,Behenoylglycine,Behenoylglycine_m397.355_r10.05Cp,0.000402902,0.000268192,0.001005475,0.000556662,0.00058652,0.00050106,0.000453336,0.001639041,0.000733202,0.000391763,0.000672732,0.000721883
Hydroxyvitamin D3__Cp,Hydroxyvitamin D3,Hydroxyvitamin D3_m400.334_r9.56Cp,0.150127095,0.066088091,0.099952353,0.157443958,0.074628124,0.058984163,0.158298359,0.170789012,0.095307218,0.057793431,0.047621308,0.090492007
MG_22-6__Cp,MG_22-6,MG_22-6_m402.274_r8.96Cp,0.000286524,0.000317491,0.000965534,0.000487493,0.000809109,0.000722862,0.00037012,0.000837485,0.00076569,0.000648003,0.000775361,0.000816087
N-Palmitoyl phenylalanine__Cp,N-Palmitoyl phenylalanine,N-Palmitoyl phenylalanine_m403.306_r9.54Cp,0.00363273,0.001782607,0.003474949,0.002701187,0.002780065,0.00259863,0.004908209,0.002363892,0.001556115,0.001219272,0.002608036,0.003650589
Ursocholate__Cp,Ursocholate,Ursocholate_m408.287_r8.22Cp,0.00061744,0.000480468,0.001013001,0.000829135,0.000801707,0.000395057,0.000573068,0.000924788,0.000577122,0.000431607,0.000353532,0.000632635
Oxo-hexacosenoic acid__Cn,Oxo-hexacosenoic acid_,Oxo-hexacosenoic acid___m408.36_r7.98Cn,0.001098743,0.000958818,0.001078106,0.001220293,0.002085033,0.001252736,0.002747576,0.001399767,0.002563175,0.000918276,0.001409573,0.002701135
N-oleoyl glutamine__Cn,N-oleoyl glutamine_,N-oleoyl glutamine___m410.313_r7.68Cn,0.012576124,0.025813237,0.041204074,0.021471936,0.027237489,0.025636379,0.020256525,0.048079884,0.045394972,0.024545911,0.054008445,0.038098331
Oxohexacosanoic acid__Cn,Oxohexacosanoic acid_,Oxohexacosanoic acid___m410.375_r7.7Cn,0.006408092,0.00433683,0.008680596,0.004981676,0.00747365,0.005150759,0.011491717,0.009403842,0.009663614,0.004590831,0.008157451,0.009583921
Palmitoyl glucuronide__Cn,Palmitoyl glucuronide_,Palmitoyl glucuronide___m418.294_r6.82Cn,0.047787006,0.072279751,0.098081605,0.07424145,0.069524147,0.074450068,0.061803359,0.145166769,0.115285084,0.060780062,0.134470939,0.076453915
Dioctylsulfosuccinic acid__Cn,Dioctylsulfosuccinic acid_,Dioctylsulfosuccinic acid___m422.235_r6.71Cn,0.001464579,0.001384266,0.001676602,0.001571625,0.001301256,0.0008071,0.001137199,0.004662054,0.001546182,0.00087279,0.001599309,0.001385215
Hexacosanedioic acid__Cn,Hexacosanedioic acid_,Hexacosanedioic acid___m426.368_r7.61Cn,0.010139481,0.010042896,0.017538858,0.006450832,0.014408884,0.011392689,0.017080468,0.022232411,0.021897678,0.008855988,0.013732097,0.02102219
N-stearoyl phenylalanine__Cn,N-stearoyl phenylalanine_,N-stearoyl phenylalanine___m431.339_r7.87Cn,0.009686848,0.011206341,0.01897464,0.013290807,0.015432884,0.012759125,0.015838236,0.017933395,0.021466644,0.010808956,0.029231909,0.031878756
"Cholestane-3a,7a,12a,25-tetrol__Cn","Cholestane-3a,7a,12a,25-tetrol_","Cholestane-3a,7a,12a,25-tetrol___m436.339_r7.55Cn",0.018783931,0.024469523,0.034295125,0.021517927,0.025762201,0.027374785,0.01768865,0.044150815,0.049462918,0.027101471,0.0233362,0.038311452
LysoPE_P-16-0__Cn,LysoPE_P-16-0,LysoPE_P-16-0_m437.289_r7.3Cn,0.050825059,0.004343698,0.071867827,0.034291588,0.005544197,0.008446531,0.005043643,0.106035815,0.017544728,0.006095869,0.04057722,0.011751294
"LysoPE_P-16-0,0-0__Cp","PE_P-16-0,0-0_","PE_P-16-0,0-0__m437.29_r8.59Cp",0.002986367,0.002172573,0.005750752,0.004837608,0.00377945,0.002234819,0.002644889,0.006803789,0.004439244,0.003490879,0.00379424,0.004606064
LysoPA_18-0__Cn,LysoPA_18-0_,LysoPA_18-0__m438.277_r7.51Cn,0.039701746,0.121719526,0.098179417,0.455169825,0.034928255,0.032909502,0.031936328,0.1378597,0.080028967,0.036171462,0.051330914,0.052977669
Carboxy-g-tocotrienol__Cn,Carboxy-g-tocotrienol_,Carboxy-g-tocotrienol___m440.291_r7.52Cn,0.067162256,0.110527523,0.13658758,0.107377483,0.128220796,0.109182141,0.093064452,0.203989222,0.242114739,0.131551326,0.106236586,0.186278869
N-palmitoyltryptophan__Cn,N-palmitoyltryptophan_,N-palmitoyltryptophan___m442.314_r7.57Cn,0.002277155,0.000972622,0.002867563,0.003329008,0.001851352,0.001265359,0.002159715,0.008802661,0.005276046,0.001347943,0.004053951,0.001983502
FA 30-5__Cp,FA 30-5,FA 30-5_m442.38_r9.76Cp,0.003313299,0.001283979,0.00252597,0.002869429,0.002449632,0.00174276,0.003479548,0.00644618,0.002264483,0.001691212,0.00166298,0.002534672
Carboxy-g-tocopherol__Cn,Carboxy-g-tocopherol_,Carboxy-g-tocopherol___m446.341_r7.87Cn,0.037144606,0.062942491,0.095400509,0.053017202,0.079941536,0.071735739,0.043826703,0.118363534,0.117806791,0.057326885,0.125416939,0.098087492
LysoPE_16-1__Cp,LysoPE_16-1_,LysoPE_16-1__m451.269_r7.38Cp,0.002894764,0.002017076,0.004248129,0.004027367,0.002607936,0.002126939,0.002543753,0.005566879,0.00278849,0.00205214,0.002415625,0.002975796
LysoPE_16-0__Cn,LysoPE_16-0_,LysoPE_16-0__m453.286_r7.21Cn,0.129771195,0.20575131,0.201330552,0.178414465,0.190530838,0.175217993,0.172259642,0.2471186,0.249957216,0.168494274,0.155556678,0.215892445
"CoQ4,Ubiquinone__Cn","CoQ4,Ubiquinone_","CoQ4,Ubiquinone__m454.308_r7.55Cn",0.051633137,0.073781396,0.102237215,0.057822033,0.067006527,0.071379374,0.060123362,0.13098659,0.108918542,0.060855255,0.051390665,0.087458298
"DG_12-0,12-0,0-0__Cn","DG_12-0,12-0,0-0_","DG_12-0,12-0,0-0___m456.38_r7.47Cn",0.030343273,0.02476859,0.050312764,0.016551055,0.039109531,0.034098915,0.048424625,0.06103293,0.057416523,0.028231343,0.04295603,0.048758862
Sulfodeoxycholic acid__Cn,Sulfodeoxycholic acid_,Sulfodeoxycholic acid___m458.234_r7.8Cn,0.011593789,0.019473216,0.031496307,0.015747652,0.023458319,0.023082325,0.017900764,0.035909889,0.042119227,0.018843026,0.04564858,0.030336467
LysoPE_P-18-0__Cp,LysoPE_P-18-0,LysoPE_P-18-0_m465.318_r8.67Cp,0.000682874,0.000548565,0.000969811,0.000982586,0.000613168,0.000495394,0.000556355,0.001924527,0.001216614,0.000923909,0.001017619,0.001386584
N-arachidonoyl tyrosine__Cp,N-arachidonoyl tyrosine,N-arachidonoyl tyrosine_m467.3_r6.9Cp,0.005802646,0.00372312,0.007465369,0.007739918,0.004847353,0.00407519,0.004792916,0.012175497,0.006111718,0.004511133,0.004986565,0.006445019
LysoPE_17-0__Cn,LysoPE_17-0_,LysoPE_17-0__m467.301_r7.25Cn,0.013432172,0.011331607,0.017128493,0.020262451,0.014247873,0.013257224,0.013187031,0.032883873,0.022650662,0.014039094,0.012038612,0.01834534
Androstanediol glucuronide__Cn,Androstanediol glucuronide_,Androstanediol glucuronide___m468.272_r4.78Cn,0.018245929,0.028349308,0.036737731,0.023514188,0.015661994,0.023363626,0.021410934,0.05940356,0.036167355,0.019681188,0.05388773,0.028768328
Methoxyestrone 3-glucuronide__Cn,Methoxyestrone 3-glucuronide_,Methoxyestrone 3-glucuronide___m476.203_r4.76Cn,0.37324481,0.931782029,0.759316761,0.390336109,0.426910406,0.672170744,0.586628977,0.781480597,1.110232804,0.477771053,3.159838777,0.950962142
LysoPE_18-2__Cn,LysoPE_18-2,LysoPE_18-2_m477.287_r6.95Cn,0.025601806,0.026279917,0.036312471,0.027654411,0.034412373,0.028636768,0.033447948,0.042933541,0.041604151,0.026504862,0.027274333,0.03611636
LysoPE_18-1__Cp,LysoPE_18-1,LysoPE_18-1_m479.3_r8.26Cp,0.071527074,0.057393525,0.099046182,0.091914681,0.084824551,0.070669838,0.074604787,0.130215546,0.087121302,0.064798582,0.057926344,0.101382861
LysoPE_18-1__Cn,LysoPE_18-1,LysoPE_18-1_m479.301_r7.22Cn,1.752264043,2.568385361,2.625318975,0.87059456,2.772161596,2.76947094,2.293025487,3.114164254,3.649139205,2.375772347,2.342887596,3.156848661
LysoPE_18-0__Cp,LysoPE_18-0,LysoPE_18-0_m481.316_r8.92Cp,0.038569316,0.026919261,0.039669196,0.067471112,0.031956099,0.024680304,0.042369251,0.068617239,0.042893428,0.032489131,0.032779398,0.044948977
LysoPE_18-0__Cn,LysoPE_18-0_,LysoPE_18-0__m481.317_r7.64Cn,0.045693825,0.072313784,0.092274735,0.075431767,0.048084756,0.043442267,0.055569836,0.116975345,0.079667116,0.038164686,0.090027176,0.075111569
LysoPG_16-0__Cp,LysoPG_16-0,LysoPG_16-0_m484.284_r1.03Cp,0.001378826,0.000305696,0.000607856,0.000597981,0.000792199,0.000686471,0.002661019,0.000734838,0.00155882,0.000466452,0.000905773,0.000771162
"DG_13-0,13-0,0-0__Cn","DG_13-0,13-0,0-0_","DG_13-0,13-0,0-0__m484.411_r7.58Cn",0.014979582,0.015874204,0.024787763,0.011693727,0.020756314,0.017157323,0.019825991,0.0280601,0.031098017,0.014387205,0.021324232,0.024454143
"PE_9-0,9-0__Cn","PE_9-0,9-0_","PE_9-0,9-0____m495.297_r6.97Cn",0.027321528,0.029047693,0.039020077,0.043832026,0.036387119,0.028337123,0.036863765,0.049864522,0.042967343,0.027327492,0.028786955,0.038743169
LysoPE_20-4__Cp,LysoPE_20-4,LysoPE_20-4_m501.289_r7.81Cp,0.002069966,0.001329972,0.003099424,0.00319549,0.002207096,0.001254197,0.001728129,0.004935111,0.001444027,0.001319852,0.001548148,0.002287678
LysoPE_20-2__Cp,LysoPE_20-2_,LysoPE_20-2__m505.316_r8.46Cp,0.020513207,0.013665278,0.027967341,0.024350293,0.020716649,0.01573561,0.020397963,0.033945643,0.022158053,0.016475119,0.017994473,0.024766041
LysoPE_20-1__Cp,LysoPE_20-1_,LysoPE_20-1__m507.331_r8.92Cp,0.038641869,0.030133521,0.059874184,0.048974498,0.040295667,0.036363856,0.039492327,0.0798154,0.050639128,0.035802673,0.037111022,0.051928387
LysoPC_P-18-0__Cp,LysoPC_P-18-0,LysoPC_P-18-0_m507.368_r8.57Cp,0.012570478,0.007942363,0.01364017,0.016439602,0.012434246,0.00828803,0.013679708,0.025480852,0.016185926,0.012045119,0.012463001,0.017136949
LysoPS_17-1__Cn,LysoPS_17-1,LysoPS_17-1_m509.275_r6.43Cn,0.006920329,0.006707731,0.012562317,0.008831941,0.005205363,0.007144815,0.007880601,0.013938812,0.013322831,0.006083729,0.008977364,0.010925231
LysoPE_20-0__Cp,LysoPE_20-0,LysoPE_20-0_m509.347_r8.35Cp,0.001274957,0.000848091,0.001244611,0.007194027,0.000819928,0.000918301,0.001289509,0.003414922,0.001225131,0.001041992,0.000845388,0.001419458
LysoPE_20-0 i__Cp,LysoPE_20-0 i,LysoPE_20-0 i_m509.349_r9.47Cp,0.002794747,0.002672284,0.006272992,0.007136211,0.0025132,0.002535403,0.002755183,0.008049055,0.004524795,0.002597364,0.054519819,0.010443134
LysoPC_O-18-0__Cp,LysoPC_O-18-0,LysoPC_O-18-0_m509.383_r9.07Cp,0.015498549,0.012733078,0.018479059,0.023773448,0.016752023,0.012483087,0.019191738,0.042201761,0.019962069,0.015224503,0.018421925,0.025474071
LysoPG_18-1__Cn,LysoPG_18-1,LysoPG_18-1_m510.299_r7.21Cn,0.012739522,0.019675815,0.015936317,0.009190878,0.013315018,0.012201452,0.016434612,0.025793256,0.025803769,0.010634292,0.013730283,0.01661152
LysoPS_17-0__Cn,LysoPS_17-0,LysoPS_17-0_m511.296_r7.22Cn,0.003535312,0.005773394,0.006815264,0.005405724,0.007233187,0.006102306,0.005810919,0.007013379,0.007051873,0.005933616,0.005647049,0.007376992
Stearoylglycerophosphoglycerol__Cn,Stearoylglycerophosphoglycerol_,Stearoylglycerophosphoglycerol___m512.312_r7.24Cn,0.015848674,0.018056995,0.029436568,0.029321695,0.017212812,0.020720648,0.016935846,0.044881367,0.028460494,0.020206468,0.021455547,0.025079862
LysoPG_18-0__Cp,LysoPG_18-0_,LysoPG_18-0__m512.313_r4.23Cp,0.017806573,0.01063251,0.011840676,0.030066607,0.005699419,0.011423604,0.009806205,0.05394064,0.028891635,0.01869792,0.025247101,0.020597282
"HETE-LPE, LysoPE_20-4;O__Cn","HETE-LPE, LysoPE_20-4;O","HETE-LPE, LysoPE_20-4;O_m517.286_r3.74Cn",0.006838496,0.003493258,0.007607154,0.005303533,0.008731813,0.003103261,0.01083548,0.007232756,0.005678728,0.003592738,0.005665601,0.009527934
LysoPE_20-0__Cn,LysoPE_20-0_,LysoPE_20-0___m523.327_r7.27Cn,0.664602077,0.835007089,0.940790833,0.412046514,0.733522132,0.852469682,0.891414393,1.235278018,1.386471935,0.801877443,0.815134573,0.962846659
LysoPE_22-6__Cp,LysoPE_22-6,LysoPE_22-6_m525.281_r8.21Cp,0.006381023,0.004032784,0.008066627,0.005830679,0.006571741,0.005659779,0.007212978,0.0092985,0.006388023,0.004730231,0.004888776,0.006806334
Palmitoleyl arachidonate__Cp,Palmitoleyl arachidonate,Palmitoleyl arachidonate_m526.474_r8.39Cp,0.00035292,0.000122965,0.000276647,0.000108072,0.000207372,0.000179062,0.000310815,0.000334279,0.000248643,0.000160602,0.000257693,0.000440126
LysoPE_22-4 __Cp,LysoPE_22-4 ,LysoPE_22-4 _m529.316_r6.1Cp,0.013654132,0.021687816,0.018974095,0.025486661,0.007800382,0.013145253,0.013256701,0.041737217,0.022309786,0.010093682,0.012031294,0.013866954
LysoPE_22-4__Cn,LysoPE_22-4_,LysoPE_22-4__m529.318_r7.22Cn,0.134989893,0.259884946,0.287274428,0.119425436,0.272831933,0.204121963,0.207192233,0.326284559,0.35903301,0.207400114,0.200122676,0.312077548
LysoPG_20-4__Cp,LysoPG_20-4,LysoPG_20-4_m532.279_r5.43Cp,0.000910039,0.00131856,0.01744626,0.004412551,0.0040858,0.01168478,0.001857457,0.004853253,0.004520736,0.002419401,0.003762489,0.003940982
Palmitoleyl arachidate__Cn,Palmitoleyl arachidate,Palmitoleyl arachidate_m534.538_r8.72Cn,0.034206741,0.025416462,0.035055323,0.02733625,0.048543053,0.032549665,0.053856779,0.043313331,0.05303434,0.019173798,0.045354707,0.050525966
LysoPE_22-1__Cp,LysoPE_22-1,LysoPE_22-1_m535.363_r9.41Cp,0.017069773,0.014962159,0.013211811,0.024516998,0.015329766,0.007687552,0.016593382,0.043766869,0.000315493,0.014245186,0.007534607,0.012656612
OS-PA__Cn,OS-PA,OS-PA_m536.276_r7.17Cn,0.00024297,0.000202484,0.000746416,0.000300928,0.00032997,0.000433679,0.000626106,0.000826188,0.000655791,0.000425589,0.000451389,0.000285158
Arachidyl palmitate__Cn,Arachidyl palmitate,Arachidyl palmitate_m536.553_r8.72Cn,0.054649127,0.037924502,0.065552149,0.044177469,0.071185928,0.059704984,0.087986332,0.07305583,0.084927301,0.03053112,0.07283113,0.073754141
LysoPS_19-1__Cn,LysoPS_19-1,LysoPS_19-1_m537.309_r7.03Cn,0.029214593,0.039488346,0.044580704,0.035401496,0.042083889,0.033658405,0.030550955,0.059065763,0.045372252,0.028557397,0.039610036,0.044327198
LysoPS_19-0__Cn,LysoPS_19-0_,LysoPS_19-0__m539.323_r6.7Cn,0.039125718,0.03848822,0.047109966,0.031701336,0.042409371,0.036377592,0.048546828,0.061471764,0.058807622,0.038149916,0.042108506,0.052136793
LysoPS_20-4__Cn,LysoPS_20-4_,LysoPS_20-4__m545.275_r6.93Cn,0.009008047,0.010732237,0.015495168,0.007291612,0.014675048,0.011906631,0.011814091,0.015166218,0.018326746,0.011109661,0.013772986,0.015431944
LysoPS_20-2__Cn,LysoPS_20-2_,LysoPS_20-2__m549.308_r7.22Cn,0.335222061,0.391722508,0.275908,0.133713554,0.430530603,0.289257593,0.426666754,0.306255221,0.304181373,0.215661088,0.253914656,0.319297926
LysoPS_20-2__Cp,LysoPS_20-2,LysoPS_20-2_m549.316_r7.92Cp,0.001591537,0.002614356,0.002624463,0.002765312,0.001112328,0.002018821,0.001550734,0.003419227,0.003428667,0.001834836,0.004000919,0.002244577
Heptatriacontanoic acid__Cn,Heptatriacontanoic acid_,Heptatriacontanoic acid___m550.569_r8.76Cn,0.028154758,0.020343824,0.034458325,0.024043613,0.034229279,0.030261114,0.045242805,0.039014051,0.044384119,0.016300608,0.035573979,0.038265694
LysoPS_20-1__Cn,LysoPS_20-1_,LysoPS_20-1__m551.326_r7.3Cn,0.087489872,0.116672613,0.087263783,0.041571892,0.102009546,0.082703996,0.114580773,0.113398294,0.111505217,0.073457251,0.079068997,0.087307063
2-O-b-D-galactopyranosyl-1-6-b-D-galactopyranosyl-hydroxytridecanoic acid__Cn,2-O-b-D-galactopyranosyl-1-6-b-D-galactopyranosyl-hydroxytridecanoic acid,2-O-b-D-galactopyranosyl-1-6-b-D-galactopyranosyl-hydroxytridecanoic acid_m554.293_r6.13Cn,0.038220969,0.007982141,0.147553913,0.122758505,0.004007458,0.008757159,0.007189054,0.354099859,0.047071439,0.003570178,0.388077676,0.126579958
"TG_10-0,10-0,10-0__Cn","TG_10-0,10-0,10-0_","TG_10-0,10-0,10-0___m554.455_r7.73Cn",0.021433492,0.026609836,0.054671186,0.028829203,0.035781179,0.028168398,0.032481859,0.068576931,0.063875721,0.030770824,0.046648169,0.048304308
11R-HETE-LPC_LysoPC_20-4;O__Cn,11R-HETE-LPC_LysoPC_20-4;O_,11R-HETE-LPC_LysoPC_20-4;O__m559.327_r7.51Cn,0.423476607,0.588056861,0.494604142,0.349884028,0.682828543,0.419709756,0.519515987,0.598581783,0.553857324,0.358211447,0.351894923,0.529608989
Protoporphyrin_Porphyrinogen IX__Cn,Protoporphyrin_Porphyrinogen IX,Protoporphyrin_Porphyrinogen IX_m562.254_r5.2Cn,0.004815613,0.006854428,0.010260965,0.008445026,0.003025919,0.004825709,0.005751861,0.017817887,0.010432971,0.003802151,0.008349181,0.005857897
Oleyl arachidate__Cn,Oleyl arachidate,Oleyl arachidate_m562.569_r8.81Cn,0.024949774,0.018023717,0.022926503,0.01866186,0.030062381,0.022027551,0.038858917,0.032252196,0.032469675,0.013296412,0.025914378,0.032189941
OOB-PE__Cn,OOB-PE,OOB-PE_m563.325_r7.24Cn,0.042723447,0.060389528,0.055638623,0.066921838,0.062456163,0.056293575,0.052382759,0.092661767,0.076969774,0.044602618,0.051879029,0.064588699
PHOOA-PA__Cn,PHOOA-PA,PHOOA-PA_m564.306_r4.02Cn,0.007930679,0.006488805,0.014246255,0.011971108,0.008766941,0.006435672,0.010055341,0.050880731,0.011420902,0.005907862,0.007591986,0.008408765
Docosyl-palmitate__Cn,Docosyl-palmitate,Docosyl-palmitate_m564.584_r8.81Cn,0.040956702,0.027940638,0.039662983,0.030300307,0.045877467,0.037771117,0.065301283,0.049151777,0.052132563,0.021400628,0.04334353,0.048154599
LysoPE_24-0__Cp,LysoPE_24-0,LysoPE_24-0_m565.408_r9.9Cp,0.000743942,0.00079836,0.001668743,0.001308816,0.000586456,0.000694424,0.000773056,0.001886906,0.001264024,0.000551921,0.003174497,0.001211339
PHHdiA-PA__Cn,PHHdiA-PA,PHHdiA-PA_m566.29_r4.01Cn,0.007854547,0.009586662,0.015301027,0.01268487,0.012274753,0.011664554,0.014073902,0.017686271,0.018108791,0.007123004,0.008720383,0.014366489
LysoPS_21-0__Cp,LysoPS_21-0,LysoPS_21-0 i_m567.352_r8.83Cp,0.000852012,0.000553707,0.000481558,0.000996698,0.000648219,0.000454819,0.000722704,0.00097269,0.000573137,0.000379684,0.000414444,0.000696764
LysoPS_21-0__Cn,"LysoPS_21-0,0-0_","LysoPS_21-0,0-0____m567.355_r7.14Cn",0.171791159,0.218897005,0.230639964,0.136297292,0.257895729,0.241565324,0.238588805,0.296115704,0.361819664,0.237214237,0.271329337,0.326786451
"LTF4, leukotriene__Cn","LTF4, leukotriene","LTF4, leukotriene_m568.286_r4.73Cn",0.016846687,0.018565066,0.025689049,0.016078934,0.013348857,0.019379947,0.018585473,0.041961729,0.020814315,0.012047137,0.030192745,0.018280188
POB-PG__Cn,POB-PG,POB-PG_m568.291_r6.7Cn,0.003549462,0.003827442,0.008203683,0.004072532,0.003960342,0.004298002,0.003705852,0.006820601,0.00581881,0.003608009,0.004530232,0.004352102
LysoPI_16-0__Cp,LysoPI_16-0,LysoPI_16-0_m572.293_r2.6Cp,0.003687967,0.000867265,0.003484317,0.001896868,0.001335887,0.002149713,0.007429699,0.003661764,0.002855082,0.001255833,0.001979334,0.002448606
"DG_13-0,20-4,0-0__Cn","DG_13-0,20-4,0-0_","DG_13-0,20-4,0-0____m574.457_r7.76Cn",0.012412069,0.015293062,0.03232564,0.018909175,0.021737166,0.015235996,0.017134758,0.034693807,0.044031853,0.018510011,0.041273089,0.034562072
12S-HpETE-LPC_LysoPC_20-4-O2__Cn,12S-HpETE-LPC_LysoPC_20-4-O2_,12S-HpETE-LPC_LysoPC_20-4-O2__m575.323_r7.24Cn,0.088477318,0.151324377,0.094525313,0.055671334,0.137212584,0.099613096,0.110406132,0.1072087,0.131412205,0.091154194,0.093795512,0.129751811
OOV-PE__Cn,OOV-PE,OOV-PE_m577.338_r7.51Cn,0.448666863,0.556893084,0.491606753,0.338874616,0.666754623,0.425272782,0.558465955,0.636047434,0.616358121,0.401952278,0.378046696,0.563155961
LysoPC_21-1__Cn,LysoPC_21-1_,LysoPC_21-1__m577.372_r7.6Cn,0.137238304,0.205503364,0.356347233,0.180919963,0.276709999,0.248753111,0.166088701,0.44032879,0.419038256,0.226685458,0.166079999,0.286332084
Phthioceranic acid __Cn,Phthioceranic acid ,Phthioceranic acid _m578.6_r8.82Cn,0.083456673,0.058137582,0.087121719,0.065289719,0.092598856,0.080472951,0.129997631,0.111363083,0.110661243,0.044939024,0.088875506,0.098575529
OS-PE__Cn,OS-PE,OS-PE_m579.319_r7Cn,0.034321041,0.034929956,0.036171923,0.056985254,0.034958982,0.030146383,0.030092981,0.050481871,0.038088569,0.023850806,0.031334987,0.037124246
LysoPS_22-1 i__Cp,LysoPS_22-1 i,LysoPS_22-1 i_m579.351_r7.39Cp,0.001890578,0.001074626,0.00120838,0.002204625,0.001075438,0.000640339,0.001701936,0.002488698,0.00078125,0.00045212,0.000758427,0.000837657
LysoPS_22-1__Cp,LysoPS_22-1,LysoPS_22-1_m579.352_r8.12Cp,0.004974948,0.00413262,0.006186501,0.013136642,0.005453728,0.004013349,0.004513165,0.00910842,0.004505786,0.002999464,0.003918618,0.005676241
POB-PC__Cn,POB-PC,POB-PC_m579.354_r7.56Cn,0.039867875,0.094134944,0.111328908,0.182390764,0.095962485,0.08173591,0.055931741,0.182903002,0.122135407,0.05998808,0.045591665,0.09187794
POV-PG__Cn,POV-PG,POV-PG_m582.317_r4.03Cn,0.006661578,0.004766103,0.008673161,0.007833043,0.006982717,0.005678839,0.009977187,0.01076168,0.00958392,0.004233189,0.008648211,0.007355689
Hydroxyvitamin D2-glucuronide__Cn,Hydroxyvitamin D2-glucuronide_,Hydroxyvitamin D2-glucuronide___m588.363_r4.95Cn,0.00617488,0.012982377,0.011579964,0.008765596,0.002518844,0.007834329,0.0062146,0.015614013,0.014477182,0.007469099,0.009087113,0.008711129
ADP-glucose__Cn,ADP-glucose_,ADP-glucose___m589.083_r4.69Cn,0.007587649,0.010851897,0.013658347,0.010456651,0.009705216,0.011665106,0.009292348,0.021445934,0.017972245,0.009573447,0.00999805,0.011677592
OHOOA-PA__Cn,OHOOA-PA,OHOOA-PA_m590.321_r4.74Cn,0.007310696,0.005872602,0.012292828,0.009631651,0.005712153,0.005013513,0.011025933,0.022155112,0.009260654,0.004728343,0.00621039,0.008040069
"DG_17-1,17-2,0-0__Cn","DG_17-1,17-2,0-0_","DG_17-1,17-2,0-0____m590.489_r7.88Cn",0.007177139,0.010990969,0.022655931,0.013570205,0.015563076,0.012556051,0.010496761,0.018783543,0.037976487,0.011651278,0.024069226,0.030364245
OHHdiA-PA__Cn,OHHdiA-PA,OHHdiA-PA_m592.303_r4.02Cn,0.007362129,0.006223345,0.02331287,0.013733392,0.006116998,0.007031896,0.009247183,0.033469589,0.01029216,0.004742898,0.008061826,0.010932266
Arachidyl arachidate__Cn,Arachidyl arachidate,Arachidyl arachidate_m592.616_r8.87Cn,0.033421689,0.027883031,0.038525854,0.030703096,0.040405627,0.03525726,0.052708526,0.050079366,0.049071369,0.021551777,0.037470151,0.043084217
"LysoPC_16-0,5-0-CHO__Cn","LysoPC_16-0,5-0-CHO_","LysoPC_16-0,5-0-CHO___m593.368_r7.54Cn",0.101349871,0.134273204,0.179342073,0.117563987,0.156108801,0.132082934,0.123269775,0.25623402,0.242282519,0.113254707,0.098680665,0.161425715
LysoPI_18-1__Cp,LysoPI_18-1,LysoPI_18-1_m598.31_r2.99Cp,0.000671011,0.000276279,0.000501973,3.51E-05,0.000961231,0.000187743,0.00152111,0.000450423,0.000327301,0.000104008,0.000286937,0.000716394
LysoPI_18-0__Cp,LysoPI_18-0,LysoPI_18-0_m600.324_r3.14Cp,0.001195289,0.000310726,0.001584853,0.000319643,0.000913143,0.000140133,0.001725694,0.000737152,0.00024565,0.000203949,0.000319204,0.001067836
LysoPI_18-0__Cn,LysoPI_18-0,LysoPI_18-0_m600.33_r7.22Cn,0.090496127,0.152710365,0.188872556,0.729561922,0.05078642,0.064150313,0.06170708,0.376718118,0.148319154,0.06443016,0.0716216,0.071054994
LysoPS_24-2__Cp,LysoPS_24-2_,LysoPS_24-2__m604.365_r1.01Cp,0.006508495,0.00159467,0.003820505,0.00317617,0.002481101,0.002293704,0.009483319,0.004336617,0.004444584,0.001557282,0.002844655,0.004131697
OOB-PC__Cn,OOB-PC,OOB-PC_m605.37_r7.53Cn,0.065791108,0.077406936,0.112832863,0.059084381,0.107022741,0.094048871,0.081957064,0.142747186,0.12701452,0.062533456,0.056603135,0.08701524
"PE_14-1,12-0__Cn","PE_14-1,12-0_","PE_14-1,12-0__m605.405_r7.82Cn",0.026361999,0.030818769,0.060153118,0.060795493,0.029086733,0.027846497,0.029086927,0.121886368,0.064641958,0.029254699,0.045367154,0.033729839
OA-PA__Cn,OA-PA,OA-PA_m606.351_r5.19Cn,0.005692554,0.007841692,0.008600881,0.008443025,0.003154744,0.005140484,0.006691236,0.014464789,0.009891254,0.003895893,0.007388874,0.005627827
Hexadecyl-pentacosanoate__Cn,Hexadecyl-pentacosanoate,Hexadecyl-pentacosanoate_m606.631_r8.92Cn,0.043208998,0.032302579,0.0418339,0.03458478,0.04699722,0.043762664,0.067676846,0.05785056,0.055127548,0.025044428,0.0450752,0.049049727
OOB-PS__PKHdiA-PE__Cn,OOB-PS_PKHdiA-PE_,OOB-PS__PKHdiA-PE__m607.311_r6.69Cn,0.019214661,0.01864942,0.024764758,0.013620398,0.024687568,0.021090142,0.023178279,0.023182668,0.027056688,0.020145566,0.022753771,0.024418287
PHOOA-PE__Cn,PHOOA-PE,PHOOA-PE_m607.349_r7.23Cn,0.165673525,0.219283363,0.208574617,0.165550523,0.256057467,0.216995188,0.166504308,0.284965609,0.268420222,0.159583882,0.19604444,0.229669766
PON-PE__Cn,PON-PE,PON-PE_m607.384_r7.54Cn,0.323194395,0.393221326,0.507082806,0.349441439,0.51029618,0.416216823,0.41187795,0.724741647,0.729595356,0.367532267,0.272777328,0.525954588
"PC_16-0,5-0-COOH__Cn","PC_16-0,5-0-COOH_","PC_16-0,5-0-COOH___m609.362_r7.24Cn",0.064089933,0.07834624,0.094183116,0.029078239,0.095485217,0.083505948,0.073746292,0.118480687,0.126769511,0.07662685,0.0686532,0.093515873
"DG_16-1,20-5,0-0__Cn","DG_16-1,20-5,0-0_","DG_16-1,20-5,0-0____m612.476_r7.2Cn",0.082927195,0.165020428,0.24500995,0.053377673,0.285449844,0.250964022,0.173240333,0.199774375,0.458186835,0.225158881,0.042823511,0.260091173
"PA_16-1,14-2__Cn","PA_16-1,14-2_","PA_16-1,14-2____m614.393_r7.7Cn",0.006223137,0.006704456,0.012186258,0.00789259,0.009945834,0.005649815,0.009883628,0.022965871,0.017823056,0.008142051,0.01184963,0.013038162
OKOHA-PE__Cn,OKOHA-PE,OKOHA-PE_m617.333_r7.23Cn,0.071158954,0.133937314,0.161697178,0.565149804,0.062452839,0.049453017,0.057707197,0.315543573,0.125419826,0.055347927,0.069431903,0.064126128
OOV-PC__Cn,OOV-PC,OOV-PC_m619.385_r7.53Cn,0.09819689,0.120374832,0.149308783,0.100619345,0.135362912,0.120897751,0.113899427,0.2242086,0.162222335,0.086194902,0.083545385,0.136962973
"Cer 22-1, Cer_18-1,22-1__Cp","Cer 22-1, Cer_18-1,22-1","Cer 22-1, Cer_18-1,22-1_m619.589_r11.93Cp",0.030944844,0.022808938,0.045478127,0.040372863,0.029940777,0.023505892,0.043010779,0.093201087,0.048984334,0.028866736,0.032765414,0.042582448
Hexacosyl-palmitate__Cn,Hexacosyl-palmitate,Hexacosyl-palmitate_m620.647_r8.92Cn,0.08059649,0.063453155,0.084037236,0.06793609,0.087141085,0.080916239,0.119655746,0.114804209,0.106434,0.046752965,0.084625547,0.094750622
OS-PC__Cn,OS-PC,OS-PC_m621.364_r7.24Cn,0.070910221,0.07865406,0.089707796,0.065190631,0.100998969,0.084641411,0.085096464,0.123938864,0.127842086,0.067051192,0.078677685,0.103936469
LysoPI_20-3__Cn,LysoPI_20-3,LysoPI_20-3_m622.313_r6.8Cn,0.016666332,0.015758978,0.025749449,0.014457326,0.016966416,0.017556878,0.020029755,0.026068925,0.028852679,0.017301563,0.021675201,0.024212808
OS-PS__Cn,OS-PS,OS-PS_m623.305_r4.68Cn,0.013949786,0.01035943,0.032690372,0.02030633,0.010652947,0.010105065,0.013591687,0.056098331,0.013692053,0.007320899,0.012918823,0.011928933
OKOOA-PE__Cn,OKOOA-PE,OKOOA-PE_m631.345_r6.97Cn,0.006079383,0.005015334,0.009997516,0.006247056,0.007874669,0.005675198,0.007381731,0.01326692,0.011342057,0.005731019,0.007401634,0.009365643
"PA_15-0,16-1__Cn","PA_15-0,16-1_","PA_15-0,16-1__m632.441_r8.01Cn",0.004535786,0.009851698,0.013692462,0.01086882,0.010489626,0.007187771,0.00553612,0.016741616,0.012405544,0.007857346,0.011169497,0.01157753
OKHdiA-PE__Cn,OKHdiA-PE,OKHdiA-PE_m633.33_r6.91Cn,0.066670607,0.087002862,0.120235972,0.05484587,0.098552769,0.095442268,0.112246119,0.091099881,0.143542443,0.080794529,0.100874809,0.13484819
OHOOA-PE__Cn,OHOOA-PE,OHOOA-PE_m633.365_r7.25Cn,0.035651289,0.049670053,0.058362764,0.033081738,0.060195403,0.04918249,0.046030597,0.070260034,0.076135643,0.031802466,0.056860265,0.059780427
OON-PE__Cn,OON-PE,OON-PE_m633.4_r7.54Cn,0.152952012,0.181109569,0.240812753,0.170272448,0.24533433,0.223009612,0.188627746,0.343107068,0.316703762,0.162346751,0.129358166,0.234410824
"PE_14-0,14-1__Cp","PE_14-0,14-1_","PE_14-0,14-1__m633.438_r10Cp",0.001673477,0.001951334,0.003093378,0.004219458,0.002065382,0.001359498,0.001802458,0.00437349,0.002436925,0.002054122,0.001644188,0.002135073
OHHdiA-PE__Cn,OHHdiA-PE,OHHdiA-PE_m635.344_r7.21Cn,0.037851495,0.065519642,0.046218931,0.048235522,0.073807611,0.061932679,0.058198289,0.081517941,0.088178558,0.053042486,0.101882038,0.081021137
PHOHA-PC__Cn,PHOHA-PC_,PHOHA-PC__m635.375_r7.19Cn,0.002505622,0.00397823,0.005872131,0.00255796,0.003841527,0.003989384,0.004472212,0.007211695,0.005345591,0.003111749,0.005666308,0.005260055
"PE_14-0,14-0__Cp","PE_14-0,14-0_","PE_14-0,14-0__m635.451_r9.63Cp",0.007926129,0.004688093,0.009366407,0.010776996,0.006170656,0.005343028,0.012496897,0.020351677,0.008201466,0.006299163,0.008672278,0.0105518
PHHdiA-PG__Cn,PHHdiA-PG,PHHdiA-PG_m640.323_r4.04Cn,0.097650799,0.053771511,0.066245119,0.07049059,0.11593207,0.074151354,0.241163967,0.062719145,0.121244454,0.061726147,0.091044362,0.158627855
"PA_20-3,12-0__Cn","PA_20-3,12-0_","PA_20-3,12-0____m642.427_r7.83Cn",0.079656198,0.110361488,0.123782074,0.084842072,0.108041764,0.127188089,0.108383361,0.232338358,0.168107661,0.087000003,0.170909107,0.118898903
"SM_18-1,12-0__Cp","SM_18-1,12-0","SM_18-1,12-0_m646.503_r9.81Cp",0.0147263,0.016823511,0.026549077,0.029320577,0.020938033,0.014131361,0.011487192,0.030324446,0.015162715,0.013043402,0.010309029,0.016445399
OKODiA-PE__Cn,OKODiA-PE,OKODiA-PE_m647.343_r7Cn,0.049568702,0.05643448,0.081907815,0.042117943,0.067036992,0.06509295,0.078638813,0.071506739,0.098405838,0.057548367,0.082574807,0.092239587
PKOOA-PC__Cn,PKOOA-PC,PKOOA-PC_m647.379_r7.25Cn,0.063510117,0.080253979,0.094714969,0.04987074,0.096251948,0.086578111,0.080603642,0.116375301,0.119091287,0.062256761,0.057655594,0.091940556
PHOOA-PS__Cn,PHOOA-PS,PHOOA-PS_m651.339_r6.82Cn,0.010804954,0.010804803,0.022825943,0.014041104,0.015033106,0.011541547,0.013450362,0.01475919,0.01962641,0.006807133,0.0439217,0.018333861
"PE_16-1,14-1__Cp","PE_16-1,14-1","PE_16-1,14-1_m659.452_r10.1Cp",0.004017566,0.004252069,0.005715484,0.006817662,0.004516961,0.003113424,0.003238644,0.007229123,0.004120266,0.002993027,0.002419135,0.003356019
"C1P C18-1, Ceramide-1-P__Cp","C1P C18-1, Ceramide-1-P","C1P C18-1, Ceramide-1-P_m660.517_r10.01Cp",0.00317637,0.003161217,0.006580117,0.005380985,0.004285595,0.003574343,0.003490418,0.007760463,0.004622281,0.00285135,0.002682108,0.0040812
OKOHA-PS__Cn,OKOHA-PS,OKOHA-PS_m661.323_r6.93Cn,0.065145355,0.074961558,0.125337198,0.063601422,0.082980389,0.082632269,0.097196758,0.112754165,0.129843386,0.071480728,0.107288621,0.121628299
"PE_15-0,15-0__Cp","PE_15-0,15-0_","PE_15-0,15-0__m663.483_r10Cp",0.031271819,0.022813122,0.038133816,0.039773356,0.026165275,0.020893621,0.041945039,0.07632281,0.040992526,0.029135398,0.028947377,0.040335883
"PC_16-0,9-0-COOH__Cn","PC_16-0,9-0-COOH","PC_16-0,9-0-COOH_m665.424_r7.55Cn",0.133204552,0.153160376,0.211244112,0.131900336,0.20465524,0.185834881,0.167223032,0.269999626,0.271635294,0.132172836,0.125882745,0.213920501
"PS_15-0,12-0__Cn","PS_15-0,12-0_","PS_15-0,12-0____m665.424_r7.55Cn",0.137639523,0.153862151,0.212728409,0.132028931,0.229229947,0.186782635,0.168563632,0.274786776,0.272597881,0.132634848,0.13017619,0.214949845
"DG_18-1,22-5,0-0__Cn","DG_18-1,22-5,0-0_","DG_18-1,22-5,0-0___m668.54_r7.55Cn",2.555186953,3.905279959,6.096062501,2.169826331,5.804133239,5.49726855,4.322220574,5.705305623,9.177933463,4.321522335,4.296972953,6.622107606
"GalCer C14, Galactosylceramide_18-1,14-0__Cp","GalCer C14, Galactosylceramide_18-1,14-0","GalCer C14, Galactosylceramide_18-1,14-0_m671.534_r10.35Cp",0.000949063,0.000256627,0.000893263,0.000535397,0.000388642,0.000386532,0.001245326,0.002287249,0.001207184,0.000565761,0.000893102,0.001193079
PS-PI__Cn,PS-PI,PS-PI_m672.313_r4.04Cn,0.019901116,0.010451216,0.015490598,0.015000378,0.020709894,0.011382097,0.045121921,0.023378341,0.022504455,0.011394443,0.019193283,0.026341513
"SM_18-1,14-0__Cp","SM_18-1,14-0_","SM_18-1,14-0__m674.536_r10.19Cp",0.678697641,0.734431218,1.328078856,1.216804769,1.005581142,0.746393716,0.654057305,1.837612862,1.051934108,0.670199943,0.726827112,1.040876004
OHOOA-PC__Cn,OHOOA-PC,OHOOA-PC_m675.409_r7.23Cn,0.056876309,0.056148278,0.088538346,0.035410165,0.094294459,0.071846482,0.073614608,0.10035303,0.125872412,0.055893118,0.05507569,0.076360641
"PE_16-1,15-0__Cp","PE_16-1,15-0_","PE_16-1,15-0__m675.483_r10Cp",0.489734378,0.449294068,0.771570633,0.776275307,0.503379387,0.386516809,0.523426538,1.088621491,0.532799496,0.475698049,0.425350114,0.582516911
OHHdiA-PS__Cn,OHHdiA-PS,OHHdiA-PS_m679.334_r6.93Cn,0.020081586,0.025514797,0.039055148,0.018058014,0.027130713,0.019096508,0.034211914,0.032645316,0.042504193,0.029084197,0.035991606,0.043760985
PHDdiA-PE__Cn,PHDdiA-PE,PHDdiA-PE_m679.405_r7.23Cn,0.077373677,0.109328302,0.133899318,0.105097283,0.117016448,0.095447655,0.09378963,0.166751838,0.16122374,0.073955943,0.067569274,0.10653025
"PE_16-1,16-1__Cp","PE_16-1,16-1","PE_16-1,16-1_m687.482_r9.82Cp",0.024156804,0.017341926,0.028250899,0.029145264,0.021074279,0.014822539,0.030640947,0.050344904,0.025306498,0.01690481,0.018626461,0.026637807
"PE_18-1,14-0__Cp","PE_18-1,14-0","PE_18-1,14-0_m689.499_r10.09Cp",0.091095979,0.054382935,0.100471429,0.091810115,0.068172499,0.053924808,0.110873941,0.182100589,0.102603342,0.065129219,0.070691944,0.097023072
OHODiA-PC__Cn,OHODiA-PC,OHODiA-PC_m691.404_r7.24Cn,0.105698764,0.152596314,0.157284253,0.080030835,0.152701036,0.148933988,0.135935473,0.229370311,0.274953746,0.113421781,0.321099416,0.204879566
"PE_16-0,16-0__Cp","PE_16-0,16-0_","PE_16-0,16-0__m691.516_r10.38Cp",0.041817922,0.028420789,0.069203606,0.051955105,0.040195024,0.03490358,0.050438034,0.115757519,0.080529932,0.041071417,0.054822192,0.065496645
"PG_18-1,12-0__Cn","PG_18-1,12-0_","PG_18-1,12-0____m692.464_r7.86Cn",0.296412952,0.456901656,0.562666086,0.464663631,0.483976859,0.407292317,0.377125123,0.758958665,0.749574421,0.496325571,0.565762416,0.591790878
"PE_15-0,18-3__Cp","PE_15-0,18-3_","PE_15-0,18-3__m699.482_r9.94Cp",0.080081702,0.078426251,0.129565634,0.124198551,0.094935831,0.069846676,0.079739905,0.170257383,0.085295224,0.067080224,0.071352657,0.092553505
"GalCer C16, Galactosylceramide_18-1,16-0__Cp","GalCer C16, Galactosylceramide_18-1,16-0","GalCer C16, Galactosylceramide_18-1,16-0_m699.56_r9.99Cp",0.000308524,0.000240409,0.001522431,0.001213138,8.03E-05,0.000532134,0.000587218,0.006190747,0.002519227,0.001478133,0.001688356,0.002640476
"PC_16-1,14-1__Cp","PC_16-1,14-1","PC_16-1,14-1_m701.499_r10.11Cp",1.49119922,1.247972444,2.342003043,2.019046924,1.543401356,1.228924003,1.540789425,3.075533042,1.55377285,1.223297104,1.265970931,1.664467795
"PE_18-1,P-16-0__Cn","PE_18-1,P-16-0_","PE_18-1,P-16-0____m701.537_r8.41Cn",8.29E-05,0.000323274,0.000917561,0.000184733,0.000591668,0.000543413,0.00020188,0.000758871,0.000839395,0.000521511,0.000574713,0.000479869
"PE_16-0,18-3__Cp","PE_16-0,18-3_","PE_16-0,18-3__m713.499_r9.87Cp",0.014097598,0.014577858,0.021989577,0.025364438,0.01691858,0.012620177,0.010245991,0.033452982,0.013792215,0.011012977,0.010020679,0.015463874
"PE_16-1,18-1__Cp","PE_16-1,18-1_","PE_16-1,18-1__m715.515_r10.13Cp",0.087992422,0.066536585,0.113807039,0.10773641,0.085777759,0.070292732,0.102179408,0.19910789,0.11000544,0.067521691,0.084011902,0.10964294
"PA_18-1, 20-4__Cp","PA_18-1, 20-4","PA_18-1, 20-4_m722.499_r7.25Cp",0.086601017,0.010668297,0.022013525,0.055421679,0.043073442,0.032845364,0.014451788,0.03980432,0.143735487,0.014020054,0.150590968,0.447337249
"PE_15-0,20-4__Cp","PE_15-0,20-4_","PE_15-0,20-4__m725.498_r10.07Cp",0.099634743,0.087148187,0.173237532,0.138816495,0.119293199,0.091662716,0.038695508,0.205341844,0.103847463,0.080402439,0.091768673,0.117251888
"PE_15-0,20-3__Cp","PE_15-0,20-3","PE_15-0,20-3_m727.514_r10.22Cp",1.138741526,0.901559268,1.777167811,1.349855116,1.203827334,0.997819507,1.190487285,2.211167933,1.149022856,0.792709457,0.967990986,1.219331572
"PG_20-3,13-0__Cn","PG_20-3,13-0_","PG_20-3,13-0____m730.481_r7.75Cn",0.00524106,0.007393138,0.009566892,0.007253302,0.008404215,0.006243134,0.00776869,0.01212005,0.015016582,0.007346206,0.011126627,0.012259388
"PS_18-1,14-1__Cp","PS_18-1,14-1","PS_18-1,14-1_m731.476_r3.45Cp",0.003596715,0.0029806,0.004863393,0.004385189,0.004537465,0.003663234,0.004479692,0.009700709,0.00577155,0.002804349,0.000867181,0.003581763
"PG_16-1,18-__Cn","PG_16-1,18-_","PG_16-1,18-___m746.51_r7.89Cn",2.76769039,2.127688543,3.751500544,2.158674864,2.576862611,2.661469351,3.558119794,3.799797568,3.22789973,2.209096474,4.410276907,3.171640473
OHDdiA-PS__Cn,OHDdiA-PS,OHDdiA-PS_m749.412_r8.63Cn,0.013103787,0.017603012,0.024756096,0.015556826,0.014523419,0.019008335,0.018180631,0.032529224,0.047303522,0.014614798,0.029561485,0.028894547
"SM_18-1,20-0__Cp","SM_18-1,20-0","SM_18-1,20-0_m758.629_r11.34Cp",0.002891155,0.003245272,0.007062981,0.005145278,0.005366785,0.004598741,0.003628249,0.008024181,0.005232586,0.002297801,0.004380145,0.005340474
"SM_18-0,20-0__Cp","SM_18-0,20-0","SM_18-0,20-0_m760.644_r11.64Cp",0.00663365,0.008506346,0.016901357,0.012675122,0.013066505,0.011958717,0.007868654,0.01954298,0.011392456,0.005063915,0.010270191,0.010993725
"PS_16-0,18-1__Cp","PS_16-0,18-1_","PS_16-0,18-1__m761.518_r9.23Cp",0.032917973,0.018773575,0.03173676,0.031137905,0.027232848,0.023054169,0.03070986,0.042034359,0.022624056,0.016558362,0.017194435,0.026010262
"PG_16-1,20-4__Cp","PG_16-1,20-4_","PG_16-1,20-4__m768.49_r3.02Cp",0.002000626,0.001196636,0.003241006,0.00408787,0.002881535,0.00134944,0.002455827,0.003013557,0.001674151,0.000609882,0.000812701,0.00200061
"PS_22-2,13-0__Cn","PS_22-2,13-0_","PS_22-2,13-0____m773.525_r8.03Cn",0.915936871,0.775181223,1.288060607,0.75785139,1.003442162,0.958296136,1.303576688,1.567645581,1.408463353,0.635041603,1.44707741,1.220392756
"GalCer C22, Galactosylceramide_18-1,22-0__Cp","GalCer C22, Galactosylceramide_18-1,22-0","GalCer C22, Galactosylceramide_18-1,22-0_m783.654_r11.87Cp",0.022398202,0.00235482,0.009892765,0.012059976,0.003301713,0.003319864,0.025743455,0.014882504,0.006719934,0.00420031,0.009807051,0.008291018
"SM_18-1,22-0,__Cp","SM_18-1,22-0,","SM_18-1,22-0,_m786.663_r11.83Cp",0.325890637,0.270223067,0.555829602,0.443801888,0.396464437,0.322817226,0.334778211,0.710141481,0.384985086,0.224992307,0.310800424,0.379593649
"PE_22-6,18-1__Cn","PE_22-6,18-1_","PE_22-6,18-1____m789.54_r7.92Cn",4.008666434,4.00805997,6.052360049,3.705463404,4.821875768,4.627009755,5.352264311,6.335099055,5.540235401,3.715727794,6.669871406,5.233749229
"PS_16-1,20-0__Cp","PS_16-1,20-0_","PS_16-1,20-0__m789.553_r10.07Cp",0.057074991,0.028301026,0.070273592,0.045904636,0.048611214,0.03852597,0.062615702,0.09470708,0.043750199,0.030690016,0.040887959,0.05113084
"PS_22-4,15-0__Cn","PS_22-4,15-0_","PS_22-4,15-0____m797.53_r7.91Cn",2.333245477,2.917451301,3.945183997,2.829898137,3.600193778,3.243612631,2.970104198,4.60900575,4.108902857,2.4901435,4.351842879,3.872594863
"GalCer C24-1, Galactosylceramide _18-1,24-1__Cp","GalCer C24-1, Galactosylceramide _18-1,24-1","GalCer C24-1, Galactosylceramide _18-1,24-1_m809.674_r11.88Cp",0.066348748,0.027462586,0.058906901,0.085432564,0.034768102,0.028437493,0.085863585,0.112602872,0.056675175,0.037186155,0.054697772,0.063400676
"SM_18-1,24-0, __Cp","SM_18-1,24-0, ","SM_18-1,24-0, _m814.692_r12.04Cp",0.838073897,0.59136674,1.202570647,1.058999042,0.796108551,0.715306298,0.816395982,1.604962179,0.784413942,0.570735665,0.708408228,0.893766442
"PS_18-1,20-1__Cp","PS_18-1,20-1","PS_18-1,20-1_m815.567_r10.05Cp",0.0574426,0.032476635,0.072953038,0.050279636,0.052707564,0.049106924,0.06136903,0.108981771,0.055558027,0.032275457,0.043155425,0.062722366
"SM_18-1,26-1__Cp","SM_18-1,26-1","SM_18-1,26-1_m840.708_r12.03Cp",0.249245481,0.193218427,0.314691387,0.346424894,0.24398477,0.187754269,0.230860287,0.475657736,0.228774074,0.174582401,0.180552152,0.250402383
"PI_18-2,18-2__Cp","PI_18-2,18-2_","PI_18-2,18-2__m858.529_r7.1Cp",0.007485229,0.002003038,0.002291233,0.006433623,0.004676094,0.00432993,0.002529771,0.006051284,0.013387698,0.00276158,0.012628844,0.029141396
"PI_22-2,14-0__Cn","PI_22-2,14-0_","PI_22-2,14-0____m862.558_r8.08Cn",2.212828598,3.165966053,4.60993896,3.219559267,3.678212073,3.113487817,3.199617983,7.067780054,6.58929062,3.214569427,5.080882946,5.384032757
"PS_22-6,22-6__Cp","PS_22-6,22-6","PS_22-6,22-6_m879.503_r8Cp",0.000761252,0.000670279,0.001092632,0.003390676,0.000249599,0.000449841,0.000684728,0.00334948,0.000835458,0.000580724,0.000750496,0.000740249
"PI_18-1,20-4__Cp","PI_18-1,20-4","PI_18-1,20-4_m884.541_r2.73Cp",0.020853012,0.000485861,0.044584488,0.081610533,0.000434841,0.003601634,0.001431886,0.158718996,0.000984443,0.000600394,0.00060778,0.001961034
"PI_22-5,16-0__Cn","PI_22-5,16-0_","PI_22-5,16-0____m884.544_r7.94Cn",0.001856212,0.002218043,0.003812769,0.001492808,0.002016812,0.001813201,0.003574586,0.005335374,0.005271136,0.002826862,0.00368658,0.00372565
"PI_22-6,18-0__Cn","PI_22-6,18-0_","PI_22-6,18-0____m910.557_r8.04Cn",0.050638066,0.084846941,0.114014614,0.075238791,0.107802984,0.088077334,0.072573545,0.144585781,0.138392985,0.062029042,0.118061682,0.116778571
HMG-CoA__Cp,HMG-CoA,HMG-CoA_m911.155_r8.6Cp,0.000363259,0.000109629,0.001550096,0.001260019,0.000434192,0.000176374,0.000140598,0.001933925,0.000370738,0.000145738,0.00020165,0.000388816
"PIP_18-0,16-0__Cp","PIP_18-0,16-0","PIP_18-0,16-0_m918.522_r3.64Cp",0.000382656,0.000155161,0.000379113,0.000317025,0.000380412,0.000176287,0.000717509,0.000283553,0.000185589,9.24E-05,0.000215179,0.000384547
"LacCer C24-1, Lactosylceramide _18-1,24-1__Cp","LacCer C24-1, Lactosylceramide _18-1,24-1_","LacCer C24-1, Lactosylceramide _18-1,24-1__m971.728_r11.75Cp",0.013307241,0.000509082,0.001285818,0.000778098,0.000310078,0.000376684,0.016332693,0.004083873,0.00147812,0.001067542,0.001184154,0.001763517
"LacCer C24, Lactosylceramide _18-1,24-0__Cp","LacCer C24, Lactosylceramide _18-1,24-0_","LacCer C24, Lactosylceramide _18-1,24-0__m973.748_r12.15Cp",0.005953697,0.038581404,0.039193598,0.058905427,0.043232588,0.027664571,0.007251618,0.068957753,0.031431918,0.018073153,0.021882904,0.039530049
PIP_40-8-OH__Cp,PIP_40-8-OH_,PIP_40-8-OH__m1001.474_r9.16Cp,0.001647605,0.0042094,0.002953689,0.02180417,0.001835166,0.001741405,0.002361618,0.012508157,0.003065008,0.001826611,0.004064982,0.003350862
Internal standard,"3-PHENYL-N-2-PYRIDINYL_ACRYLAMIDE_NP,","3-PHENYL-N-__2-PYRIDINYL_ACRYLAMIDE_NP,_m224.095_r2.26Cp",1,1,1,1,1,1,1,1,1,1,1,1
